deputy_name,party_n,dep_n,dissent_type,nao_aderente,dep_index,party_index,gap,align_txt,p_nao_aderente
Izalci,PSDB,1,aderente,0,0.10159477591514587,0.05895458,0.04264019429683685,parcial (um lado neutro),0.5690944894207337
Arlindo Chinaglia,PT,1,neutro,1,0.19489482045173645,0.080226,0.1146688237786293,parcial (um lado neutro),0.355044675444723
Henrique Fontana,PT,1,aderente,0,0.005278974771499634,0.080226,-0.07494702190160751,parcial (um lado neutro),0.2045049781045553
Ivan Valente,PSOL,3,aderente,0,0.052339671179652214,0.032485507,0.019854163751006126,parcial (um lado neutro),0.4853377056776105
Alberto Fraga,PL,4,aderente,0,0.15967173576354982,0.05378888,0.1058828540146351,parcial (um lado neutro),0.017084013292769804
Benedita da Silva,PT,2,aderente,0,0.00763245423634847,0.080226,-0.07259354243675868,parcial (um lado neutro),0.19476257560286397
Renildo Calheiros,PCdoB,2,aderente,0,-0.008142441511154175,0.07873905,-0.08688148856163025,parcial (um lado neutro),0.0072886012507392154
Perpétua Almeida,PCdoB,2,aderente,0,0.065969983736674,0.07873905,-0.012769063313802079,parcial (um lado neutro),0.08698798212896346
Luiz Couto,PT,1,aderente,0,0.06418964266777039,0.080226,-0.01603635400533676,parcial (um lado neutro),0.4934609277408592
Alice Portugal,PCdoB,2,aderente,0,0.10883576671282451,0.07873905,0.030096719662348434,parcial (um lado neutro),0.056341769305587375
Daniel Almeida,PCdoB,2,aderente,0,0.021462639172871906,0.07873905,-0.05727640787760417,parcial (um lado neutro),0.03527297708954148
Reginaldo Lopes,PT,1,aderente,0,0.02139165997505188,0.080226,-0.05883433669805527,parcial (um lado neutro),0.6804365540251958
Chico Alencar,PSOL,2,aderente,0,0.09754932920138042,0.032485507,0.06506382177273433,parcial (um lado neutro),0.4927477947327549
Maria do Rosário,PT,3,aderente,0,-0.00674737268127501,0.080226,-0.08697336935438216,parcial (um lado neutro),0.16361839597113612
Nelson Pellegrino,PT,2,aderente,0,0.0063994526863098145,0.080226,-0.07382654398679733,parcial (um lado neutro),0.2386538376214598
Jandira Feghali,PCdoB,3,aderente,0,0.13052769005298615,0.07873905,0.05178864300251007,parcial (um lado neutro),0.12073897304547676
Laura Carneiro,PSD,1,aderente,0,0.03938973695039749,0.10395701,-0.06456727534532547,parcial (um lado neutro),0.3017858456461104
Marcelo Freixo,PSOL,4,aderente,0,-0.001492077112197876,0.032485507,-0.033977584540843965,parcial (um lado neutro),0.23589764614048642
Ismael,PSD,2,aderente,0,0.16283312439918518,0.10395701,0.05887611210346222,parcial (um lado neutro),0.3180209462295795
Enio Verri,PT,3,aderente,0,0.06122841127216816,0.080226,-0.018997585400938988,parcial (um lado neutro),0.26077143029576455
Edmilson Rodrigues,PSOL,3,aderente,0,0.11692136898636818,0.032485507,0.08443586155772209,parcial (um lado neutro),0.2878766390236486
Lídice da Mata,PSB,1,aderente,0,0.18482032418251038,0.06376115,0.12105917185544968,parcial (um lado neutro),0.5563097564987516
Vieira da Cunha,PDT,1,aderente,0,0.07714417576789856,0.075867385,0.0012767910957336426,parcial (um lado neutro),0.7941369428438176
Eliene Lima,PSD,1,aderente,0,0.10699918866157532,0.10395701,0.003042176365852356,parcial (um lado neutro),0.4719356717775372
José Guimarães,PT,1,aderente,0,0.20086540281772614,0.080226,0.12063940614461899,parcial (um lado neutro),0.677488746578482
Paulo Teixeira,PT,1,aderente,0,0.0064818114042282104,0.080226,-0.07374418526887894,parcial (um lado neutro),0.42154307253070034
Marcos Montes,PSD,1,aderente,0,0.07931038737297058,0.10395701,-0.02464662492275238,parcial (um lado neutro),0.4253096935097044
Glauber Braga,PSOL,2,aderente,0,0.02197725574175517,0.032485507,-0.010508251686890919,parcial (um lado neutro),0.6215855536182364
Marcel van Hattem,NOVO,5,aderente,0,0.2968647579352061,0.12885697,0.16800778607527417,parcial (um lado neutro),0.4503536279332848
Alessandro Molon,PSB,1,aderente,0,0.2832416296005249,0.06376115,0.2194804772734642,parcial (um lado neutro),0.4533852958704635
Bohn Gass,PT,1,aderente,0,0.1613427996635437,0.080226,0.08111680299043655,parcial (um lado neutro),0.6467830030638873
Alceu Moreira,MDB,1,aderente,0,0.07381696254014969,0.11378324,-0.03996627777814865,parcial (um lado neutro),0.24235186018037128
Erika Kokay,PT,2,aderente,0,0.04065780838330587,0.080226,-0.03956818828980128,parcial (um lado neutro),0.3460312540288859
Pedro Uczai,PT,1,aderente,0,0.061243146657943726,0.080226,-0.01898285001516342,parcial (um lado neutro),0.36628630383924976
Rogério Peninha Mendonça,MDB,2,aderente,0,0.06910658379395802,0.11378324,-0.044676656524340316,parcial (um lado neutro),0.11729775675297309
Domingos Sávio,PSDB,2,aderente,0,0.07267322142918904,0.05895458,0.01371863981088002,parcial (um lado neutro),0.5360044280707295
Severino Ninho,PSB,1,oposto,1,0.09871622920036316,0.06376115,0.03495507687330246,parcial (um lado neutro),0.3158114302610614
Subtenente Gonzaga,PDT,3,oposto,1,0.1257983185350895,0.075867385,0.049930933862924576,parcial (um lado neutro),0.06932897072691871
Capitão Augusto,PL,1,aderente,0,0.10427822172641754,0.05378888,0.05048933997750282,parcial (um lado neutro),0.17972275320412093
Afonso Motta,PDT,2,neutro,1,0.005731105804443359,0.075867385,-0.07013627886772156,parcial (um lado neutro),0.004650925187968052
Marcos Rotta,MDB,1,aderente,0,0.13954804837703705,0.11378324,0.02576480805873871,parcial (um lado neutro),0.4157758100179758
Jorge Solla,PT,3,aderente,0,0.07654437236487865,0.080226,-0.0036816243082284927,parcial (um lado neutro),0.5443483763058397
Helder Salomão,PT,2,aderente,0,0.16556872924168906,0.080226,0.08534273256858191,parcial (um lado neutro),0.45529395928863164
Hildo Rocha,MDB,1,aderente,0,0.09793553501367569,0.11378324,-0.01584770530462265,parcial (um lado neutro),0.2525878972663333
Delegado Edson Moreira,PL,5,aderente,0,0.09729353711009026,0.05378888,0.04350465536117554,parcial (um lado neutro),0.04723941079304017
Delegado Éder Mauro,PL,1,aderente,0,0.03090648353099823,0.05378888,-0.02288239821791649,parcial (um lado neutro),0.15436545207299407
Tadeu Alencar,PSB,2,aderente,0,0.07057466109593709,0.06376115,0.006813508768876389,parcial (um lado neutro),0.4082695343308954
Sóstenes Cavalcante,PL,1,aderente,0,0.20792639255523682,0.05378888,0.1541375108063221,parcial (um lado neutro),0.08266794063117112
João Daniel,PT,2,aderente,0,0.019676585992177326,0.080226,-0.060549410680929824,parcial (um lado neutro),0.2875213347272741
Orlando Silva,PCdoB,1,aderente,0,-0.01861339807510376,0.07873905,-0.09735244512557983,parcial (um lado neutro),0.0027662414041544165
Camilo Capiberibe,PSB,3,aderente,0,0.10518952086567879,0.06376115,0.04142836853861809,parcial (um lado neutro),0.19498913085187142
Gilson Marques,NOVO,1,aderente,0,0.2164379060268402,0.12885697,0.08758093416690826,parcial (um lado neutro),0.9529297431637742
Célio Moura,PT,1,aderente,0,0.0057243406772613525,0.080226,-0.0745016559958458,parcial (um lado neutro),0.3131666258990175
Bia Kicis,PL,2,aderente,0,0.08631057540575664,0.05378888,0.03252169365684192,parcial (um lado neutro),0.14071808777316716
Coronel Chrisóstomo,PL,1,aderente,0,0.16068688035011292,0.05378888,0.1068979986011982,parcial (um lado neutro),0.06140144775686407
Luis Miranda,REPUBLICANOS,1,aderente,0,0.11913871765136719,0.13497831,-0.0158395916223526,parcial (um lado neutro),0.5201609030194063
Loester Trutis,PL,1,aderente,0,0.07714417576789856,0.05378888,0.02335529401898384,parcial (um lado neutro),0.12803282270901054
Sargento Fahur,PL,1,aderente,0,0.10699918866157532,0.05378888,0.0532103069126606,parcial (um lado neutro),0.07851316167406454
Bibo Nunes,PL,1,aderente,0,0.06703585386276245,0.05378888,0.013246972113847733,parcial (um lado neutro),0.08857577524878213
Gervásio Maia,PSB,1,aderente,0,0.08895660936832428,0.06376115,0.02519545704126358,parcial (um lado neutro),0.4145628669683992
Lucas Redecker,PSDB,2,aderente,0,0.14266558488210043,0.05895458,0.08371100326379141,parcial (um lado neutro),0.16872859091363043
Fernanda Melchionna,PSOL,5,aderente,0,0.10883400837580363,0.032485507,0.07634850094715755,parcial (um lado neutro),0.32350999323292323
Filipe Barros,PL,1,aderente,0,0.14395403861999512,0.05378888,0.0901651568710804,parcial (um lado neutro),0.051926200474379146
Sanderson,PL,2,aderente,0,0.07081570724646251,0.05378888,0.01702682549754779,parcial (um lado neutro),0.025294236657575898
Natália Bonavides,PT,1,aderente,0,0.061243146657943726,0.080226,-0.01898285001516342,parcial (um lado neutro),0.3523384408852674
Luiz Lima,NOVO,1,aderente,0,0.030050918459892273,0.12885697,-0.09880605340003967,parcial (um lado neutro),0.5688948837544185
Carlos Jordy,PL,2,aderente,0,0.16640915473302206,0.05378888,0.11262027298410734,parcial (um lado neutro),0.03547160696737076
Paulo Ganime,NOVO,2,neutro,1,0.11092154184977214,0.12885697,-0.017935430010159806,parcial (um lado neutro),0.6826351095179961
Talíria Petrone,PSOL,1,aderente,0,0.026067152619361877,0.032485507,-0.00641835480928421,parcial (um lado neutro),0.5756093933974772
José Medeiros,PL,1,aderente,0,0.09318416565656662,0.05378888,0.0393952839076519,parcial (um lado neutro),0.031148636730934008
Alencar Santana,PT,1,aderente,0,0.0923888236284256,0.080226,0.012162826955318451,parcial (um lado neutro),0.6853697545735298
Adriana Ventura,NOVO,2,aderente,0,0.15823513269424438,0.12885697,0.02937816083431244,parcial (um lado neutro),0.8214650745252067
Sâmia Bomfim,PSOL,2,aderente,0,0.02950197458267212,0.032485507,-0.0029835328459739685,parcial (um lado neutro),0.6509978623235214
José Ricardo,PT,2,aderente,0,0.08773352702458699,0.080226,0.007507530351479844,parcial (um lado neutro),0.46989419558431134
Marcelo Nilo,PSB,2,aderente,0,0.019320468107859295,0.06376115,-0.0444406842192014,parcial (um lado neutro),0.10236921912223629
Zé Neto,PT,2,aderente,0,0.04120868444442749,0.080226,-0.03901731222867966,parcial (um lado neutro),0.5696388534146474
Capitão Alberto Neto,PL,1,aderente,0,0.061243146657943726,0.05378888,0.007454264909029007,parcial (um lado neutro),0.03843442414583219
Capitão Alberto Neto,REPUBLICANOS,3,aderente,0,0.05947472155094147,0.13497831,-0.07550358772277832,parcial (um lado neutro),0.11761220552562315
Reinhold Stephanes Junior,PSD,2,aderente,0,0.09977110226949056,0.10395701,-0.004185910026232406,parcial (um lado neutro),0.38863044882518466
Gilvan da Federal,PL,1,aderente,0,0.13835471868515015,0.05378888,0.08456583693623543,parcial (um lado neutro),0.12382076802510897
Jack Rocha,PT,1,aderente,0,0.02816629409790039,0.080226,-0.05205970257520676,parcial (um lado neutro),0.3697396941461431
Rodolfo Nogueira,PL,1,aderente,0,0.10255002975463867,0.05378888,0.04876114800572395,parcial (um lado neutro),0.0694653810273426
Marcos Pollon,PL,5,aderente,0,0.11949372788270314,0.05378888,0.06570484613378842,parcial (um lado neutro),0.06419864841380214
Zucco,REPUBLICANOS,1,aderente,0,0.13377535343170166,0.13497831,-0.0012029558420181274,parcial (um lado neutro),0.6154760830856764
Ana Paula Lima,PT,1,neutro,1,0.0923888087272644,0.080226,0.012162812054157257,parcial (um lado neutro),0.6201265796947473
Julia Zanatta,PL,1,aderente,0,0.03502539545297623,0.05378888,-0.018763486295938492,parcial (um lado neutro),0.2394888568919989
Delegada Adriana Accorsi,PT,1,aderente,0,0.08162682503461838,0.080226,0.0014008283615112305,parcial (um lado neutro),0.6331196112259901
Ismael Alexandrino,PSD,2,aderente,0,0.17814882596333823,0.10395701,0.07419181366761526,parcial (um lado neutro),0.18208118962228675
Cabo Gilberto Silva,PL,2,aderente,0,0.1484879950682322,0.05378888,0.09469911331931749,parcial (um lado neutro),0.03143318712274136
Coronel Assis,PL,1,aderente,0,0.15633147954940796,0.05378888,0.10254259780049324,parcial (um lado neutro),0.11597367130651941
Coronel Fernanda,PL,2,aderente,0,0.09843732913335164,0.05378888,0.04464844738443692,parcial (um lado neutro),0.06382579962450005
Reimont,PT,1,aderente,0,0.2164379060268402,0.080226,0.13621190935373306,parcial (um lado neutro),0.7955449391704945
Max Lemos,PDT,1,oposto,1,0.06976579129695892,0.075867385,-0.006101593375205994,parcial (um lado neutro),0.5282863044695966
Pastor Henrique Vieira,PSOL,1,aderente,0,0.11531031131744385,0.032485507,0.08282480388879776,parcial (um lado neutro),0.5907706413300865
Sargento Gonçalves,PL,4,aderente,0,0.22870874404907227,0.05378888,0.17491986230015755,parcial (um lado neutro),0.014045617592229434
Delegado Paulo Bilynskyj,PL,1,aderente,0,0.13377535343170166,0.05378888,0.07998647168278694,parcial (um lado neutro),0.08916030309258652
Coronel Meira,PL,2,aderente,0,0.2241750955581665,0.05378888,0.17038621380925179,parcial (um lado neutro),0.025721425570865507
Capitão Alden,PL,1,aderente,0,0.05733734369277954,0.05378888,0.0035484619438648224,parcial (um lado neutro),0.2783129359598833
Mariana Carvalho,REPUBLICANOS,1,aderente,0,0.14266455173492432,0.13497831,0.007686242461204529,parcial (um lado neutro),0.6897240611594369
Rodrigo da Zaeli,PL,1,aderente,0,0.11125901341438293,0.05378888,0.057470131665468216,parcial (um lado neutro),0.09581184955665481
