"news_id","party_sigla","titulo","trecho","p_sim","rotulo_manual"
"n0355","PSDB","Supremo julga amanhã Adin contra MP do Desarmamento","Supremo julga amanhã Adin contra MP do Desarmamento. Supremo julga amanhã Adin contra MP do Desarmamento Brasília (11 de dezembro) – O líder do PSDB na Câmara, deputado Antonio Carlos Pannunzio (SP), demostrou confiança com o julgamento da Adin impetrada pelos partidos de oposição contra a Medida Provisória 394, que ocorrerá amanhã no Supremo Tribunal Federal. A proposição altera o Estatuto do Desarmamento e reedita o conteúdo da MP 379, retirada de pauta em manobra do Planalto para agilizar a v",0.4750218987464905,""
"n0628","PSOL","PSOL quer que Moro informe as bases para decreto das armas","PSOL quer que Moro informe as bases para decreto das armas. O líder do PSOL na Câmara, Chico Alencar (PSOL/RJ), protocolou um Requerimento de Informações endereçado ao ministro da Justiça, Sergio Moro, a respeito do decreto presidencial assinado na terça (15), que facilita a posse de armas, flexibilizando o Estatuto do Desarmamento. No documento, são elencadas 10 questões centrais no tema do armamento da sociedade brasileira e pedidos de documentação. Além dos aspectos mais básicos do tema, o PS",0.4750218987464905,""
"n0079","PCB","Imperialismo, preços do petróleo e a economia mundial","Imperialismo, preços do petróleo e a economia mundial. – Os EUA são o único país do mundo que alguma vez lançou armas nucleares contra outro país. Prabhat Patnaik [*] Os preços mundiais do petróleo ultrapassaram finalmente os 100 dólares por barril neste fim de semana e chegaram mesmo aos 110 dólares. Tendo em conta que rondavam os 69 dólares por barril antes do início da agressão imperialista contra o Irã, isto representa uma subida muito acentuada no espaço de apenas uma semana. Esta subida de",0.5062507390975952,""
"n0739","PSB","Em resposta a pedido do PSB, ministra Rosa Weber suspende trechos de decretos de armas de Bolsonaro - PSB 40","Em resposta a pedido do PSB, ministra Rosa Weber suspende trechos de decretos de armas de Bolsonaro - PSB 40. Em resposta a pedido do PSB, em caráter de urgência, a ministra Rosa Weber, do Supremo Tribunal Federal (STF), suspendeu nesta segunda-feira (12) trechos dos quatro decretos editados pelo presidente Jair Bolsonaro que facilitam o porte e a posse de armas de fogo. As normas passariam a valer nesta terça-feira (13). No último dia 8, o PSB encaminhou petição à Corte pedindo a análise urgent",0.41338348388671875,""
"n0808","PSD","Líderes do PSD se manifestam sobre mortes em Suzano (SP) - PSD - Partido Social Democrático","Líderes do PSD se manifestam sobre mortes em Suzano (SP) - PSD - Partido Social Democrático. olências aos familiares e amigos. “Lamento muito o ataque ocorrido à escola de Suzano. Me solidarizo às famílias das vítimas e espero que as causas dessa tragédia sejam encontradas. Que Deus conforte o coração dos familiares das vítimas.” Sidney Leite, deputado federal do PSD do Amazonas, divulgou nota afirmando que “esse ataque à escola na cidade de Suzano só reforça a minha tese de ser contra o armamen",0.4750218987464905,""
"n0678","PSOL","Bolsonaro pró-fuzil e anti-feijão: PSOL pede mais uma vez que STF suspenda decretos de armas","Bolsonaro pró-fuzil e anti-feijão: PSOL pede mais uma vez que STF suspenda decretos de armas. O PSOL protocolou na última terça-feira (31) um pedido ao STF para que a Corte julgue rapidamente os pedidos de suspensão dos decretos editados por Bolsonaro para flexibilizar o porte de armas. O documento foi endereçado a Rosa Weber, relatora de quatro ações que questionam as mudanças promovidas por Bolsonaro em fevereiro para ampliar o acesso a armas e munições no País. Recentemente, Bolsonaro declaro",0.4750218987464905,""
"n0737","PSB","STF julga ação do PSB contra tarifa zero na importação de armas - PSB 40","STF julga ação do PSB contra tarifa zero na importação de armas - PSB 40. O plenário virtual do STF iniciou nesta sexta-feira (5) o julgamento da Ação por Descumprimento de Preceito Fundamental (ADPF) 772, apresentada pelo PSB, que pede a suspensão da decisão do governo federal que zerou a alíquota de importação de revólveres e pistolas. O prazo se encerra na próxima sexta-feira (12). Até o momento, somente o ministro Edson Fachin, que é o relator, publicou seu voto. Fachin votou contra a resolu",0.41338348388671875,""
"n0215","PCdoB","Metade dos assassinatos de mulheres em 2022 foi por arma de fogo","Metade dos assassinatos de mulheres em 2022 foi por arma de fogo. Metade dos assassinatos de mulheres em 2022 foi por arma de fogo A facilitação ao acesso às armas de fogo e a cultura armamentista e de ódio que marcaram o governo Jair Bolsonaro, somadas ao machismo e à misoginia, cobraram uma fatura alta das brasileiras. Metade das mulheres assassinadas no Brasil em 2022 foram vitimadas por armas de fogo e sete em cada dez são negras; 27% desses assassinatos ocorreram em casa, segundo o Institut",0.5062507390975952,""
"n0123","PCB","“Ao império, dizemos: Cuba somos milhões!”","“Ao império, dizemos: Cuba somos milhões!”. io do Comitê Central do Partido Comunista de Cuba e Presidente da República, no ato de homenagem póstuma aos 32 combatentes caídos em combate na Venezuela, na Tribuna Anti-imperialista José Martí, em 16 de janeiro de 2026, «Ano do Centenário do Comandante em Chefe Fidel Castro Ruz». Honra e Glória aos nossos heróis caídos em combate! (Exclamações de: «Honra e Glória!») Familiares; Companheiros de armas e amigos dos nossos combatentes; Compatriotas: A 3",0.4750218987464905,""
"n0873","PV","Especialistas: maior acesso a armas geraria mais tragédias como a de Suzano","Especialistas: maior acesso a armas geraria mais tragédias como a de Suzano. Ataque a uma escola na cidade paulista provoca debate sobre a flexibilização do Estatuto do Desarmamento O ataque a uma escola em Suzano (SP) nesta quarta-feira (13/3) suscitou debates sobre o Estatuto do Desarmamento e a maioridade penal. No atentado, dois ex-estudantes — um de 17 e outro de 25 anos — invadiram o colégio armados e mataram sete pessoas (o tio de um deles também foi morto antes e a dupla se matou, totali",0.4750218987464905,""
"n0815","PSD","Petecão defende plebiscito sobre Estatuto do Desarmamento - PSD - Partido Social Democrático","Petecão defende plebiscito sobre Estatuto do Desarmamento - PSD - Partido Social Democrático. Senador Sérgio Petecão O senador Sérgio Petecão (PSD–AC), relator na Comissão de Constituição, Justiça e Cidadania (CCJ) do projeto que revoga o Estatuto do Desarmamento, apresentou voto favorável à liberação de porte de arma para maiores de 18 anos. Segundo Petecão, a população está indefesa diante de uma criminalidade totalmente armada. O senador conversou sobre o assunto no programa Conexão Senado co",0.4750218987464905,""
"n0073","PCB","Sobre a exposição de armas a crianças","Sobre a exposição de armas a crianças. No dia 12 de outubro de 2022, dia em que se celebra o dia de Nossa Senhora da Aparecida e também o Dia das Crianças, a Prefeitura Municipal de Uberaba, em conjunto com a Polícia Militar e o Exército, promoveram um evento em praça pública, com exposição de armas, munições e artefatos militares pesados a crianças. Tal ato, alinhado ao bolsonarismo, vem acompanhado do recente apoio da prefeita Elisa Araújo à reeleição do presidente Jair Bolsonaro, que incentiv",0.5062507390975952,""
"n0334","PSDB","""Desarmamento"", por Aécio Neves | PSDB – Partido da Social Democracia Brasileira","""Desarmamento"", por Aécio Neves | PSDB – Partido da Social Democracia Brasileira. “Desarmamento”, por Aécio Neves Artigo do senador publicado nesta segunda-feira (25) no jornal Folha de S. Paulo Artigo do senador Aécio Neves publicado nesta segunda-feira (25) no jornal Folha de S. Paulo Nosso Estatuto do Desarmamento completa dez anos neste 2013. Não há dúvida de que trouxe mais controle e rigor para a posse, o porte e a comercialização de armas. Dados oficiais mostram que, entre 2004 e o começo",0.4439871907234192,""
"n0338","PSDB","Campos alerta para prazo de renovação do porte de armas","Campos alerta para prazo de renovação do porte de armas. Campos alerta para prazo de renovação do porte de armas Brasília (23 de novembro) – O deputado João Campos (GO) cobrou providências do Ministério da Justiça para resolver o impasse criado pelo vencimento dos cinco milhões de registros de armas de fogo, em 23 de dezembro. De acordo com o tucano, no próximo mês todas as pessoas que possuem porte legal de armas estarão em situação irregular, podendo inclusive ser autuadas em flagrante pela Po",0.5062507390975952,""
"n0631","PSOL","Atena Beauvoir (PSOL-RS) sofre ameaças de morte e passa a usar colete à prova de balas","Atena Beauvoir (PSOL-RS) sofre ameaças de morte e passa a usar colete à prova de balas. A vereadora de Porto Alegre (RS) Atena Beauvoir (PSOL-RS) vem enfrentando uma sequência de ameaças contra sua vida e passou a usar diariamente um colete à prova de balas em atividades públicas. O equipamento foi autorizado pela Divisão de Armas, Munições e Explosivos, seguindo orientação do Programa Nacional de Defesa dos Defensores de Direitos Humanos. A situação está sendo investigada pela Polícia Civil. Es",0.4439871907234192,""
"n0278","PCdoB","No país do bolsonarismo, empresa faz promoção de armas pelo 7 de Setembro","No país do bolsonarismo, empresa faz promoção de armas pelo 7 de Setembro. No país do bolsonarismo, empresa faz promoção de armas pelo 7 de Setembro No Brasil de Bolsonaro, o uso de armas de fogo foi banalizado de tal maneira que uma empresa do ramo se sente à vontade para usar o 7 de Setembro como mote para a promoção de fuzil e para o lançamento de uma linha especial em comemoração aos 200 anos da Independência. O saldão bizarro foi oferecido pela Taurus. Em suas redes sociais, a empresa publi",0.29943373799324036,""
"n0760","PSB","O esforço deve ser feito para ganhar no primeiro turno"", afirma Siqueira em entrevista à Folha de São Paulo - PSB 40","O esforço deve ser feito para ganhar no primeiro turno"", afirma Siqueira em entrevista à Folha de São Paulo - PSB 40. início da campanha com a formulação do seu programa de governo e penso que devia ser nesse sentido, da coesão social, de programas econômicos e sociais e políticos que precisam ser comuns às diferentes forças políticas. Principalmente às diferentes das nossas. Alckmin vai viajar por São Paulo? Vai. Lula precisa crescer lá. O sr. acha que o programa de governo tem que levantar a b",0.5374309420585632,""
"n0651","PSOL","Deputados aprovam prorrogação de registro de armas e crédito ao BNDES - PSOL 50","Deputados aprovam prorrogação de registro de armas e crédito ao BNDES - PSOL 50. Os deputados aprovaram nesta terça-feira (22/04) o Projeto de Lei de Conversão para Medida Provisória 417/2008, que prorroga até 31 de dezembro de 2008 o prazo para renovação do registro de propriedade de arma de fogo. A líder do PSOL, deputada Luciana Genro, disse que a flexibilização da proposta é importante pois permitirá que 14 milhões de armas não legalizadas sejam inseridas no sistema da Polícia Federal. Os do",0.5062507390975952,""
"n0132","PCB","Suzano: o massacre que a TV não mostrou","Suzano: o massacre que a TV não mostrou. o, vimos tudo em detalhes. Menos o essencial: o massacre do ensino público e o desamparo das escolas, professores, alunos e de toda uma população vulnerável à falta de políticas públicas capazes de promover o diálogo entre educação, assistência social e saúde ANTES de uma tragédia acontecer. Uma tragédia anunciada, por sinal, pelas mãos de um governante que banaliza a morte ao brincar de empunhar armas de fogo enquanto reduz ainda mais as verbas para a pa",0.5374309420585632,""
"n0513","PT","Ao facilitar compra de armas, Bolsonaro vira sócio do crime organizado – Partido dos Trabalhadores","Ao facilitar compra de armas, Bolsonaro vira sócio do crime organizado – Partido dos Trabalhadores. Jair Bolsonaro tornou-se sócio do crime organizado. É o que se pode depreender a partir de uma denúncia feita pelo jornal Estado de S. Paulo, nesta terça-feira (26). De acordo com o diário, o Primeiro Comando da Capital (PCC) tem se beneficiado da política de estímulo à violência de Bolsonaro, que facilitou a compra de armas para quem é registrado como colecionador, atirador ou caçador. Segundo o ",0.5062507390975952,""
"n0817","PSD","Éder Mauro defende flagrante em casos de legítima defesa - PSD - Partido Social Democrático","Éder Mauro defende flagrante em casos de legítima defesa - PSD - Partido Social Democrático. Deputado Delegado Éder Mauro (PA) – Foto: Cláudio Araújo A comissão especial que analisa o Projeto de Lei (PL) 3.722/12, que altera o Estatuto do Desarmamento, encerrou os trabalhos nesta terça-feira (3) com a inclusão de um único destaque que modifica o texto do substitutivo, aprovado na semana passada. O deputado Delegado Éder Mauro, do PSD do Pará, votou a favor do destaque que permite a prisão em fla",0.5374309420585632,""
"n0957","REPUBLICANOS","Em novembro de 2014, Senado aprovou prioridade para o uso de armas não letais em ação policial","Em novembro de 2014, Senado aprovou prioridade para o uso de armas não letais em ação policial. Pelo texto, o uso de armas não letais poderá ter prioridade sobre as armas de fogo na ação policial. Publicado em 22/1/2015 - 00:00 RETROSPECTIVA Brasília (DF) – Gás lacrimogêneo, balas e cassetete de borracha, spray de pimenta e arma de eletrochoque, também conhecida como taser, terão prioridade na ação policial. É o que determina Projeto de Lei (PLS) 256/2005, de autoria do senador Marcelo Crivella ",0.5062507390975952,""
"n0477","PDT","Irã e Brasil: retaliações e soberania - PDT","Irã e Brasil: retaliações e soberania - PDT. eferência reduzindo drasticamente suas forças armadas, e, também, relegando-as à função de mera polícia de bairro. Não querem que o Brasil tenha indústria naval, nem produção de fertilizantes, o que o impedirá de ter , de fato, soberania alimentar. Este setor, que comemorou o suicídio de Vargas e depois tentou frivolamente demolir a Era Vargas desnacionalizando o que pudesse, continua de plantão. Desarmamento unilateral Outra prova disso é a entrevist",0.5062507390975952,""
"n0411","PSDB","Audiência discutirá Estatuto do Desarmamento a pedido de João Campos | PSDB – Partido da Social Democracia Brasileira","Audiência discutirá Estatuto do Desarmamento a pedido de João Campos | PSDB – Partido da Social Democracia Brasileira. Audiência discutirá Estatuto do Desarmamento a pedido de João Campos A pedido do deputado João Campos (GO), a Comissão de Segurança Pública e Combate ao Crime Organizado (CSPCCO) irá realizar audiência pública para debater projetos de lei em tramitação na comissão que alteram o Estatuto do Desarmamento. O colegiado aprovou requerimento do tucano com esse intuito nessa terça-feir",0.5374309420585632,""
"n0137","PCB","Goiânia: desmilitarizar a guarda metropolitana!","Goiânia: desmilitarizar a guarda metropolitana!. entração da propriedade; o monopólio do poder político pelas classes dominantes; e a criminalização das lutas e movimentos sociais. Em suma, a militarização da GCM leva exatamente ao contrário do que supostamente se pretende, isto é, combater a criminalidade e violência, quando na verdade tem como finalidade ampliar as práticas de controle e repressão às populações pobres. Pela desmilitarização e desarmamento da Guarda Municipal de Goiânia! Progra",0.5374309420585632,""
"n0863","PV","Nota de Pesar – PV vai lutar por justiça por Bruno Pereira e Dom Phillips","Nota de Pesar – PV vai lutar por justiça por Bruno Pereira e Dom Phillips. ação ilegal de madeira e bens da terra indígena. É importante lembrar que desde 2019, há um acirramento dos crimes na região. As invasões, segundo entidades locais, têm sido sistemáticas e com um grau de degradação ainda maior. Há uma escalada visível da violência na região. A fragilização da Funai e de órgãos responsáveis pela proteção de populações indígenas resultou em um aumento de ataques de armas de fogo às comunida",0.5374308824539185,""
"n0881","PV","Brasil tem 6,5 homicídios por hora, aponta Mapa da Violência","Brasil tem 6,5 homicídios por hora, aponta Mapa da Violência. r hora. Os números foram adiantados pelo Profissão Repórter, da TV Globo. Veja os destaques do estudo: – O Brasil teve 29 homicídios para cada 100 mil habitantes em 2014. – São Luís, no Maranhão, foi a cidade mais violenta do país, com 90 homicídios para cada 100 mil habitantes. – Alagoas foi o estado mais violento para a população negra. A cada 13 vítimas de homicídio, 12 eram negras. Mortes por armas de fogo Nesta quinta-feira (25),",0.5062507390975952,""
"n0115","PCB","“Atire na cabeça!”: as “classes perigosas” na mira do Estado","“Atire na cabeça!”: as “classes perigosas” na mira do Estado. OutrasPalavras por João Pedro Moraleida Uma reportagem do dia 10 de maio da Folha de São Paulo anuncia a metamorfose causada pelo recente decreto ligado à liberação do porte de armas no Brasil e aponta que a liberação também se deu no nível das importações de armas e tecnologias militares. Se observarmos, esse decreto obedece a um comportamento, como a reportagem mesmo levanta, ao mesmo tempo que o positiva, praticado por países envol",0.5374308824539185,""
"n0832","PSD","Aprovado relatório que altera Estatuto do Desarmamento - PSD - Partido Social Democrático","Aprovado relatório que altera Estatuto do Desarmamento - PSD - Partido Social Democrático. Deputado Marcos Montes (MG) – Fotos: Cláudio Araújo A comissão especial que analisa mudanças no Estatuto do Desarmamento (Lei 10.826/03), presidida pelo deputado Marcos Montes (MG), vice-líder do PSD, aprovou nesta terça-feira (27) o relatório final ao Projeto de Lei 3.722/12. O texto, em forma de substitutivo, recebeu 19 votos a favor e oito contra. Ainda serão analisados 12 destaques em reunião marcada p",0.5374309420585632,""
"n0442","PDT","Lula, o mundo e a mídia - PDT","Lula, o mundo e a mídia - PDT. onista. Eixo do Mal: dirigismo ideológico Na cabeça de Bush – não mencionamos cérebro – o Eixo do Mal era composto por Iraque, Coréia do Norte, Irã, Cuba e provavelmente a Venezuela. Cuba continua bloqueada, mas, mesmo assim, exporta médicos, professores, vacinas, remédios, livros, desportistas, para mais de 70 países. Os EUA, e os “democráticos” países europeus da OTAN, vão exportando militares, armas, inclusive, obviamente as de destruição em massa. O presidente ",0.5374309420585632,""
"n0655","PSOL","PSOL apresenta ação no STF contra decreto que flexibiliza porte de armas","PSOL apresenta ação no STF contra decreto que flexibiliza porte de armas. O PSOL apresentou, nessa sexta-feira (8), uma Ação Direta de Inconstitucionalidade (ADI) no Supremo Tribunal Federal (STF) contra o decreto que flexibiliza o porte de armas no país, inclusive para proprietários rurais e donos de clube de tiro, assinado por Bolsonaro na terça-feira (7). Além disso, a bancada do partido apresentou um Projeto de Decreto Legislativo na Câmara dos Deputados para sustar o decreto. O decreto pode",0.5062507390975952,""
"n0653","PSOL","PSOL quer lei para barrar violência policial em manifestações","PSOL quer lei para barrar violência policial em manifestações. na Câmara dos Deputados protocolou nesta semana um projeto de lei para frear a crescente violência policial praticada em atos e manifestações populares, como a que aconteceu em Recife (PE) no último dia 29. O projeto de lei havia sido apresentado pelo ex-deputado federal Chico Alencar em 2013, durante as manifestações de junho daquele ano, mas foi arquivado. Os parlamentares querem a proibição de armas de fogo, com ou sem munição men",0.5062507390975952,""
"n0237","PCdoB","“Ela está solta na Europa, eu faço vaquinha para me defender”, diz jornalista perseguido por Zambelli","“Ela está solta na Europa, eu faço vaquinha para me defender”, diz jornalista perseguido por Zambelli. “Ela está solta na Europa, eu faço vaquinha para me defender”, diz jornalista perseguido por Zambelli “Não vou deixar de lutar, mas tenho muito menos armas que ela. Só tenho minha escrita e minha vontade de ver a justiça sendo feita.” Foi assim que o jornalista Luan Araújo reagiu à decisão da Justiça de São Paulo que determinou sua prisão em regime aberto por não ter pago uma indenização decorr",0.5683211088180542,""
"n0538","PT","Lula institui Programa de Ação na Segurança para lutar “por um país desarmado” – Partido dos Trabalhadores","Lula institui Programa de Ação na Segurança para lutar “por um país desarmado” – Partido dos Trabalhadores. O presidente Lula e o ministro da Justiça e Segurança Pública, Flávio Dino, lançaram, nesta sexta-feira (21), no Palácio do Planalto, o Programa de Ação na Segurança (PAS). A iniciativa inclui ações de combate à violência contra a mulher, aos ataques a escolas e ao tráfico de drogas e de reforço do controle de acesso a armas de fogo. Lula afirmou que o programa reflete o compromisso de cam",0.5683211088180542,""
"n0061","PCB","Um plano para despedaçar países","Um plano para despedaçar países. rvem as guerras que os EUA incentivam, para expandir o seu domínio, em detrimento dos demais países. Tradução: Partido Comunista Brasileiro (PCB) Chanceler de Cuba: promover o desarme nuclear é uma questão de sobrevivência Foto: Cubaminrex Intervenção do ministro de Relações Exteriores da República de Cuba, Bruno Rodríguez Parrilla, na comemoração do «Dia Internacional para a Eliminação Total das Armas Nucleares». Nova York, 26 de setembro de 2023 Autor: Redacció",0.5683211088180542,""
"n0713","PSB","Ministra do STF atende pedido de urgência do PSB e envia ao plenário ação contra flexibilização do acesso a armas - PSB 40","Ministra do STF atende pedido de urgência do PSB e envia ao plenário ação contra flexibilização do acesso a armas - PSB 40. Após pedido de urgência do PSB, a ministra do Supremo Tribunal Federal (STF) Rosa Weber, enviou para o plenário virtual a ação do partido que pede a suspensão dos quatro decretos editados pelo presidente Jair Bolsonaro que flexibilizam as regras para aquisição e porte de armas de fogo. O julgamento terá início nesta sexta-feira. Diante da iminente entrada em vigor dos decre",0.5683211088180542,""
"n0804","PSD","Projeto proíbe arma de fogo com agressor de mulher - PSD - Partido Social Democrático","Projeto proíbe arma de fogo com agressor de mulher - PSD - Partido Social Democrático. Redação Scriptum com Assessoria de Comunicação do deputado Nos últimos 20 anos, mais da metade (51%) dos assassinatos de mulheres no Brasil foram cometidos com armas de fogo. Para tentar reduzir essas tragédias, a Comissão de Defesa dos Direitos da Mulher da Câmara aprovou esta semana o substitutivo elaborado pelo relator Fábio Trad (PSD-MS) ao Projeto de Lei 2890/21, que estabelece regime mais rigoroso de con",0.5683209896087646,""
"n0574","PT","O uso da fé para manipular: os falsos profetas que movimentam a desinformação – Partido dos Trabalhadores","O uso da fé para manipular: os falsos profetas que movimentam a desinformação – Partido dos Trabalhadores. (*) Por Eliara Santana O bolsonarismo consolidou, no Brasil, um poderoso ecossistema de desinformação que constrói e alimenta realidades paralelas. A desinformação se tornou uma arma de guerra potente da extrema direita, e para isso, a manipulação da fé legítima das pessoas é um ponto essencial. Portanto, construir a manipulação com base em valores religiosos é muito importante para os fals",0.5683211088180542,""
"n0711","PSB","Ministro Flávio Dino determina investigação da PF sobre ofensas contra professores em ato armamentista - PSB 40","Ministro Flávio Dino determina investigação da PF sobre ofensas contra professores em ato armamentista - PSB 40. O ministro da Justiça e Segurança Pública, Flávio Dino (PSB) determinou à Polícia Federal (PF) que analise as declarações dadas por participantes de um evento em defesa do acesso civil às armas de fogo. De acordo com Dino, existe indício de discurso de ódio e apologia a violência. “Determinei à Polícia Federal que faça análise dos discursos proferidos neste domingo, em ato armamentist",0.5683211088180542,""
"n0108","PCB","Construir o 1º de Maio de luta e resistência","Construir o 1º de Maio de luta e resistência.  o Brasil. O caminho para tirar o país do atoleiro em que se encontra não é jogar a crise nas costas dos mais pobres; é cobrar a conta dos banqueiros, grandes empresários e latifundiários, que representam apenas 1% da população e concentram em suas mãos a maior parte da riqueza produzida pelos trabalhadores. A saída para a segurança pública não é executar mais inocentes nas periferias e liberar o porte de armas; é fortalecer a segurança preventiva, e",0.5986886620521545,""
"n0071","PCB","Cartel de los Soles: falso pretexto para intervenção na Venezuela","Cartel de los Soles: falso pretexto para intervenção na Venezuela. a dentro a frota que enviou para o Caribe. Mas a questão real é outra: atacar um país que possui enormes reservas de petróleo e que procura empreender um caminho de soberania e de progresso social. Os sete navios de guerra e um submarino nuclear dos EUA enviados para as águas ao largo da Venezuela não têm nada a ver com drogas ou com o chamado «narcoterrorismo». O Cartel de los Soles, tal como as armas de destruição maciça de Sad",0.5986886620521545,""
"n0923","PV","A GRANDE NAU À DERIVA","A GRANDE NAU À DERIVA. a, importantes e vitais funções de vida foram sendo comprometidas. Eis que uma grande tormenta se apresenta, a Nau balança. Aparecem avarias em sua estrutura, os sistemas de controles e comandos não parecem mais capazes de manter a nau naquela rota (?). Não há dúvidas, estamos à deriva! O desafio que se apresenta é de uma magnitude e consequências estratosféricas.Há urgente chamamento para que as armas tradicionais sejam baixadas, para que “novas armas” sejam levantadas, p",0.5683211088180542,""
"n0818","PSD","Guardas Civis Municipais de São José dos Campos (SP) têm capacitação contínua - PSD - Partido Social Democrático","Guardas Civis Municipais de São José dos Campos (SP) têm capacitação contínua - PSD - Partido Social Democrático. Municipal (GCM), ligada à Secretaria de Proteção ao Cidadão. A capacitação é fundamental para aprimorar a preparação e a atualização dos agentes, garantindo que atuem com eficiência e seguindo os padrões de segurança exigidos. Para aprovação, os guardas precisam concluir todas as etapas do curso e obter média mínima de sete pontos. O não cumprimento desses requisitos pode resultar na",0.5683211088180542,""
"n0058","PCB","O Caos como Política de Segurança","O Caos como Política de Segurança.  a chacina do Jacarezinho. Ou seja, quatro anos depois o governador se valeu, às vésperas de mais uma eleição, de mais uma chacina nas áreas pobres da cidade. O caos que a cidade viveu neste dia 28 de outubro de 2025 faz parte, mais uma vez, do jogo eleitoreiro do governador e do seu grupo político de extrema direita. Essa suposta guerra é portanto uma grande farsa “pirotécnica” e espetacular. As armas do tráfico não são oriundas das favelas, mas sim desviadas ",0.5683211088180542,""
"n0191","PCdoB","Flávio Bolsonaro calunia Lula e vai ser investigado pela PF","Flávio Bolsonaro calunia Lula e vai ser investigado pela PF. Flávio Bolsonaro calunia Lula e vai ser investigado pela PF A Polícia Federal abriu um inquérito para investigar o senador Flávio Bolsonaro (PL-RJ) pelo crime de injúria contra Lula em postagem na qual diz que o presidente tem envolvimento com tráfico de armas, lavagem de dinheiro, suporte ao terrorismo e fraude nas eleições. Em uma publicação feita no dia 3 de janeiro, por ocasião do sequestro do presidente da Venezuela, Nicolás Madur",0.5683211088180542,""
"n0193","PCdoB","50 mil deserdados do neoliberalismo invadem Ceuta e Sánchez denuncia “tráfico humano”","50 mil deserdados do neoliberalismo invadem Ceuta e Sánchez denuncia “tráfico humano”.  31 de julho de 2026” O episódio certamente será usado como combustível para a campanha anti-imigração do partido de extrema-direita Vox, que cresceu fazendo dos imigrantes seu bicho-papão preferido, ainda mais que no próximo ano a Espanha deverá ter eleições gerais. O atual governo espanhol também tem sido alvo constante das diatribes de Trump, especialmente por se opor ao aumento dos gastos com armamento e a",0.5986886620521545,""
"n0540","PT","Conheça os 4 eixos do Programa Brasil Contra o Crime Organizado – Partido dos Trabalhadores","Conheça os 4 eixos do Programa Brasil Contra o Crime Organizado – Partido dos Trabalhadores. centrais da atuação do crime organizado no país: asfixia financeira do crime organizado, para atingir fluxos ilícitos e lavagem de dinheiro; fortalecimento da segurança no sistema prisional, para interromper o comando exercido a partir dos presídios; qualificação da investigação de homicídios, para ampliar a capacidade de resposta do Estado diante da violência letal; e enfrentamento ao tráfico de armas, ",0.5683211088180542,""
"n0152","PCB","Atiçar o fogo: o escudo antimísseis","Atiçar o fogo: o escudo antimísseis. ião e supervisou a operacionalização do sistema. A justificação norte-americana para instalar na Europa o escudo antimísseis havia sido a necessidade de se proteger contra um hipotético ataque iraniano: foi essa a desculpa esgrimida durante anos ante as chancelarias e nos organismos internacionais. Nos termos da argumentação diplomática de Washington não era relevante que o Irão não dispusesse de armamento atómico (nem então, nem agora), uma vez que, periodic",0.5683211088180542,""
"n0630","PSOL","PSOL apresenta voto em separado sobre PEC que abre margem para ""guerra de todos contra todos""","PSOL apresenta voto em separado sobre PEC que abre margem para ""guerra de todos contra todos"". ria Petrone, para se posicionar de forma contrária à Proposta de Emenda à Constituição (PEC) 100/2019. Ela, em seu texto original, altera o artigo 5º da carta magna do país para garantir o “direito à legítima defesa” e garante o “direito a possuir e portar os meios necessários para garantir a inviolabilidade à legítima defesa”. Em outras palavras, pretende constitucionalizar o acesso irrestrito a armas",0.5986886620521545,""
"n0519","PT","‘Palavra em Disputa’: série analisa cenário político e o papel da comunicação – Partido dos Trabalhadores","‘Palavra em Disputa’: série analisa cenário político e o papel da comunicação – Partido dos Trabalhadores. uerra de narrativas no século 21. Sob o comando do secretário Éden Valadares, o quadro mergulha na comunicação não apenas como meio de transmissão, mas como o próprio campo onde se decide o futuro das democracias modernas e a autonomia dos povos. O projeto surge em um momento crucial, onde as ferramentas digitais e a Inteligência Artificial deixaram de ser apenas conexões sociais para se to",0.5986886620521545,""
"n0093","PCB","Ascensão e declínio dos EUA","Ascensão e declínio dos EUA. ropeia da América do Norte e subsequentes 250 anos dos Estados Unidos da América são um exemplo óbvio de desenvolvimento de um sistema capitalista desde a fase de acumulação primitiva até a fase imperialista, com tudo o que isso implica de expropriação e exploração, desigualdade e opressão, de violência e guerra. Uma violência, desde logo, quando começaram a chegar os colonos europeus com as suas armas, doenças e cultura de conquista, legitimada por pretensa superior",0.6283172369003296,""
"n0346","PSDB","Realengo e a violência nossa de cada dia","Realengo e a violência nossa de cada dia. ia nossa de cada dia É preciso prestar mais atenção à violência e aos crimes envolvendo jovens A estupidez do ataque a crianças ocorrido ontem em uma escola de Realengo, na zona oeste do Rio, deve servir para atrair mais atenção para a violência que nos assola todos os dias. Mais especificamente para os crimes envolvendo jovens. As primeiras reações à barbárie levam à defesa de uma nova rodada de desarmamento no país, o que é desejável e correto. Mas a c",0.6283172369003296,""
"n0727","PSB","Alckmin destaca aperfeiçoamento da segurança pública e critica política armamentista do governo Bolsonaro - PSB 40","Alckmin destaca aperfeiçoamento da segurança pública e critica política armamentista do governo Bolsonaro - PSB 40. O vice-presidente da República, Geraldo Alckmin (PSB), afirmou nesta terça-feira (12) que o enfrentamento ao crime organizado exige integração entre inteligência, investigação e fortalecimento das forças de segurança. Durante o lançamento do Programa Brasil contra o Crime Organizado, no Palácio do Planalto, Alckmin também criticou a flexibilização do acesso às armas promovida duran",0.5986887216567993,""
"n1008","REPUBLICANOS","Projeto aumenta pena para criminoso que utilizar arma falsa","Projeto aumenta pena para criminoso que utilizar arma falsa. Texto prevê aumento na pena do condenado em caso de utilização de simulacro, arma de brinquedo ou réplica Publicado em 7/3/2023 - 09:00 Brasília (DF) – O deputado federal Amaro Neto (Republicanos-ES) apresentou, o Projeto de Lei 796/2023, que prevê alteração do Código Civil e aumenta a pena para todo criminoso que fizer uso de armas de falsas, sejam elas de brinquedo ou de fabricação caseira, tipificando o crime como grave ameaça. Segu",0.5986886620521545,""
"n0322","PSDB","“O grito das ruas e o silêncio dos ‘inocentes’”, por Solange Jurema","“O grito das ruas e o silêncio dos ‘inocentes’”, por Solange Jurema. stração de Lula e do PT, em faixas, jingles populares e cartazes sintetizaram, não só a indignação, mas também a vontade de mudar o Brasil e acabar de vez com as práticas políticas que saquearam e ainda pretendem saquear os cofres públicos. De maneira ordeira, democrática e pacifica, a multidão respondeu aos petistas, ao governo federal e aliados sindicais que ainda têm a ousadia de conclamar “às armas” e tentar intimidar os ma",0.5986886620521545,""
"n0260","PCdoB","Brasil precisa fortalecer controle de terras raras contra investidas estrangeiras","Brasil precisa fortalecer controle de terras raras contra investidas estrangeiras. ia nacional e ao País. “Estamos diante de uma fronteira tecnológica relevante. Dominar esse ciclo e dirigir, inclusive, o ritmo exploratório e o uso desses minerais críticos e das terras raras é algo que diz respeito à soberania nacional, especialmente num contexto marcado por crise global e conflitos entre países. Nesse contexto, recursos estratégicos — como os minerais e o petróleo — são também armas de guerra, ",0.6283171772956848,""
"n0100","PCB","A mentira: principal arma de guerra do Grupo de Lima","A mentira: principal arma de guerra do Grupo de Lima. ão como fizeram em Boyacá, como fizeram em Pichincha, como fizeram em Junín, como fizeram em Carabobo e como fizeram, sempre vitoriosos, em Ayacucho… e depois atenham-se às consequências. Os povos irmãos da América Latina e do Caribe sempre terão na Venezuela um país irmão quando venham com a verdade, porém, se suas elites querem utilizar a mentira como instrumento de agressão, devem saber que os fuzis do povo venezuelano esculpirão o fogo sa",0.5986887216567993,""
"n0877","PV","PV defende rejeição ao texto que flexibiliza Estatuto do Desarmamento","PV defende rejeição ao texto que flexibiliza Estatuto do Desarmamento. A comissão especial que analisa mudanças no Estatuto do Desarmamento (PL 3722/12 e apensados) iniciou no ultimo dia 20 a discussão do substitutivo do relator. Durante o debate entre os parlamentares, o líder da bancada do PV, deputado Sarney Filho (MA), seguindo orientação do Partido, reafirmou a posição contra a flexibilização do estatuto e defendeu a rejeição do texto. “Violência gera violência, isso é antigo. A arma é a ex",0.5986886620521545,""
"n0892","PV","Declaração de Liverpool – Verdes: um Movimento Global, uma Visão Única","Declaração de Liverpool – Verdes: um Movimento Global, uma Visão Única. onde as pessoas têm democracia e desfrutam de seus direitos civis e humanos, incluindo os direitos das mulheres, haverá oportunidades para resolver as contradições pacificamente. A humanidade deve “elaborar regras em múltiplos níveis que permitam aos seres humanos adaptar-se, aprender e mudar através do tempo” (Elinor Ostrom), a fim de transmitir às gerações futuras o que herdamos. Mundo livre de armas nucleares – Nós, Verde",0.5986886620521545,""
"n0090","PCB","Desvios político-ideológicos que o MCI deve superar","Desvios político-ideológicos que o MCI deve superar. ista. Afinal, em que condições isso aconteceria? Uma reunião de cúpula dos líderes dos países do pólo imperialista liderado pelos Estados Unidos decidiria abrir mão de seu principal instrumento de dominação? Por outro lado, as posições de “saída imediata de cada país da OTAN”, que vigoram no campo revolucionário do MCI e se expressam em manifestações de protesto e ações de obstrução da remessa de armas dos seus países para a guerra imperialist",0.6283172369003296,""
"n0803","PSD","Comissão que reavalia Lei do Desarmamento tem audiência - PSD - Partido Social Democrático","Comissão que reavalia Lei do Desarmamento tem audiência - PSD - Partido Social Democrático. O deputado Marcos Montes PSD (PSD-MG) Durante audiência pública promovida pela comissão especial que analisa o projeto de lei que disciplina as normas para aquisição e porte de armas de fogo, nesta quarta-feira (20), o presidente do colegiado, deputado Marcos Montes, do PSD de Minas Gerais, avaliou que a comissão “caminha para um consenso” sobre a proposta. “O colegiado vai tomar uma decisão ponderada e d",0.5986886620521545,""
"n0285","PCdoB","Kamala Harris confirma envio de armas para genocídio que Israel comete em Gaza","Kamala Harris confirma envio de armas para genocídio que Israel comete em Gaza. Kamala Harris confirma envio de armas para genocídio que Israel comete em Gaza A vice-presidente dos EUA, Kamala Harris, disse em sua primeira entrevista como candidata democrata a presidente em novembro, feita à CNN, que “não mudaria” a política de Biden de fornecimento incondicional de armas a Israel. Isso apesar do genocídio de palestinos em curso há 11 meses, aliás, sob investigação da Corte Internacional de Just",0.6283171772956848,""
"n0523","PT","Com Bolsonaro, liberação de armas forma um ‘exército’ fora do controle do Estado – Partido dos Trabalhadores","Com Bolsonaro, liberação de armas forma um ‘exército’ fora do controle do Estado – Partido dos Trabalhadores. Deus, família e armamento”. Ou “eu quero todo mundo armado, que povo armado jamais será escravizado”. As múltiplas palavras de ordem convergem em um ponto: o presidente Jair Bolsonaro está produzindo uma multidão de pessoas armadas e bem municiadas, com cada vez menos controle do Estado. O oposto do preconizado no Estatuto do Desarmamento promulgado pelo Governo Lula, em obediência à dec",0.5986886620521545,""
"n0521","PT","Dark Horse na mira: Polícia Federal aperta o cerco sobre dinheiro e conexões do clã Bolsonaro – Partido dos Trabalhadores","Dark Horse na mira: Polícia Federal aperta o cerco sobre dinheiro e conexões do clã Bolsonaro – Partido dos Trabalhadores. Flávio, a produtora Karina Gama e outras 27 pessoas foram alvos da operação. Embora a empresa encarregada do filme, a Go Up Entertainment, não seja objeto dos mandados, duas outras entidades comandadas por Karina foram alvo de buscas da PF: o Instituto Conhecer Brasil (ICB) e a Academia Nacional de Cultura (ANC). Em um dos endereços ligados a um dos advogados de Frias, os ag",0.6283171772956848,""
"n0293","PCdoB","‘Pacto para o Futuro’ é aprovado na ONU","‘Pacto para o Futuro’ é aprovado na ONU. ios e 15 se abstiveram. Durante meses o Pacto de resgate do multilateralismo, como deixou claro o secretário-geral da ONU, António Guterres, foi negociado. A entidade classifica como o “mais amplo acordo internacional em muitos anos” com questões em várias áreas, entre elas transição energética, novas tecnologias, a proposta de reforma do Conselho de Segurança, transformação da governança global, desarmamento, as dívidas dos países, assim como ações para ",0.6570114493370056,""
"n0605","NOVO","Deputado Elizeu Nascimento Filia-se ao Partido Novo","Deputado Elizeu Nascimento Filia-se ao Partido Novo. mais de 22 mil famílias e mais dignidade aos estudantes; — Idealizou o Programa Mato Grosso Sorridente, que oferece atendimentos odontológicos gratuitos à população da Baixada Cuiabana; — Idealizou o 1º Congresso Internacional de Segurança de Fronteiras das Assembleias (CISFAL), marco nacional, reunindo especialistas, políticos de todo país e do Paraguai, com foco no combate ao tráfico de drogas, armas, pessoas e outros crimes; — Foi autor da ",0.6570114493370056,""
"n0075","PCB","“Palestinos continuam morrendo sob fogo israelense”","“Palestinos continuam morrendo sob fogo israelense”. ODIARIO.INFO Entrevista de Francesca Albanese para Olga Rodríguez – podcast «Donde callan las armas» (Onde as armas se calam) Francesca Albanese conquistou a admiração dos milhões que, mundo afora, se solidarizam com a causa palestina. Os seus relatórios, realizados no cumprimento do mandato que lhe foi atribuído pela ONU, constituem uma implacável denúncia dos crimes do sionismo e da cumplicidade internacional que não só apoia, financia e arm",0.6709542870521545,""
"n0792","PSD","Câmara aprova proteção maior para crianças e adolescentes - PSD - Partido Social Democrático","Câmara aprova proteção maior para crianças e adolescentes - PSD - Partido Social Democrático. l ou iminente à vida ou à integridade física da vítima. O juiz também deverá decidir sobre as medidas protetivas de urgência determinadas por autoridades policiais ou por provocação do Ministério Público, de responsável da vítima ou do conselho tutelar. Entre as medidas protetivas cabíveis em situação de violência doméstica contra crianças e adolescentes estão a suspensão da posse ou restrição do porte ",0.6570114493370056,""
"n0894","PV","NAVEGAÇÃO NO NEVOEIRO","NAVEGAÇÃO NO NEVOEIRO. as na vida, precisamos navegar nele com cuidado, pois não temos ainda a visão completa da cena. No caso de Suzano, falou-se na influência dos games? Mas temos poucas pesquisas nesse campo, e não indicam isto até agora. Bullying? Também se fala muito, mas cravar que a causa é bullying, de certa forma, é culpar as vítimas. Assim como nos Estados Unidos, certamente haverá um debate sobre controle de armas. E os argumentos aqui parecem os de Trump, que aconselha aos professore",0.6283172369003296,""
"n0667","PSOL","PSOL pede que Câmara crie comissão para acompanhar investigação de ataques a parlamentares","PSOL pede que Câmara crie comissão para acompanhar investigação de ataques a parlamentares. m disparados para dentro da casa de Carol. Algumas horas antes, no final da tarde da terça-feira (26), o gabinete da vereadora Erika Hilton sofreu uma tentativa de invasão. O agressor se identificou como “Garçon Reaça” e afirmou ser um dos cinquenta autores de ameaças contra os quais Erika já havia registrado boletim de ocorrência no início do mês. Na madrugada do último domingo (31), disparos de arma de ",0.6283172369003296,""
"n0791","PSD","Montes defende prioridade para a segurança pública - PSD - Partido Social Democrático","Montes defende prioridade para a segurança pública - PSD - Partido Social Democrático.  brasileira precisa e exige.” A redução da maioridade penal deve ser um dos temas abordados no colegiado. Montes, que já foi contra a medida, admite que flexibilizou sua opinião. “Precisamos encontrar uma forma de reverter a situação atual. Menores estão cometendo crimes hediondos sem que respondam por isso, enquanto muitos criminosos adultos usam desta situação para se beneficiarem”, destacou. O Estatuto do D",0.6283172369003296,""
"n0120","PCB","Carta aberta de Jesús Santrich","Carta aberta de Jesús Santrich. Sputnik News O ex-combatente das FARC e promotor da “nova guerrilha” levantada em armas anunciada em um vídeo em 29 de agosto, Jesus Santrich, emitiu uma carta aberta à qual Sputnik News teve acesso exclusivo. Nela ele responde, pela primeira vez, a várias perguntas sobre sua pessoa. Ele acusa o ex-presidente Juan Manuel Santos de “ordenar atirar em Alfonso Cano em total desamparo depois de ser capturado em combate” e garante que voltou à montanha para evitar ser ",0.6570114493370056,""
"n0077","PCB","Sobre o agravamento da situação internacional","Sobre o agravamento da situação internacional. rialista mundial. Assentados no eixo China-Rússia, afirmam defender os seus interesses nacionais, pugnando por regras de ‘multipolaridade’, alternativas à ditadura planetária dos EUA e seus vassalos. O férreo controle que os EUA exercem sobre o sistema financeiro internacional e suas estruturas desde a II Guerra Mundial e o papel do dólar como moeda de reserva hegemônica, foram sempre usados como arma de dominação pelos EUA sobre o resto do planeta.",0.6570114493370056,""
"n0921","PV","Candidatura de Marina Silva e Eduardo Jorge é oficializa pela REDE","Candidatura de Marina Silva e Eduardo Jorge é oficializa pela REDE. ma Único de Segurança Pública (SUSP), com foco na gestão para resultados; implementação de um sistema de dados sobre segurança pública que contará com protocolos de comparabilidade de dados estatísticos entre os Estados e Municípios; adoção de modernas ferramentas e metodologias de inteligência, com prioridade para o policiamento de manchas criminais e de fronteiras; combate ao tráfico de drogas, armas e de pessoas e aos crimes ",0.6570114493370056,""
"n0898","PV","A PEC 5/2019 E O RISCO DE DANO A REPÚBLICA","A PEC 5/2019 E O RISCO DE DANO A REPÚBLICA. o maior de festa das eleições livres, pelas camisas de seus candidatos, pelas manifestações abertas de suas preferências, pelos botons e bocas de Urna, coibindo-se ainda sua vontade e expressão maior de livre arbítrio, esporte e autodefesa e autodiscernimento de possuir armamentos; E agora estas leis enfadonhas destes tempos de mercantilização do processo legislativo, e tal como ocorreu na lei do desarmamento, “lei de comportamento” nas urnas, “lei da ",0.6283172369003296,""
"n0072","PCB","Grandes comunistas do setor de transportes e os 100 anos do PCB","Grandes comunistas do setor de transportes e os 100 anos do PCB. rasil a ter direito a aposentadoria especial. Na noite de 30 de março de 1964, Mello Bastos estava reunido no sindicato dos estivadores com o CGT, quando recebeu a notícia do golpe. O sindicato foi cercado pela polícia, todos receberam ordem de prisão, mas ele conseguiu furar o cerco e todo o comando político do CGT foi até o Palácio das Laranjeiras cobrar uma definição de Jango. Tentou conseguir armas e tropas para resistir ao gol",0.6570114493370056,""
"n0232","PCdoB","Insanidade dos EUA é causa principal da guerra na Ucrânia, diz deputada alemã","Insanidade dos EUA é causa principal da guerra na Ucrânia, diz deputada alemã. a Razão e Justiça, tem proclamado que o governo alemão deveria contribuir com esforços diplomáticos pela paz (como ocorreu no governo Angela Merkel, através dos acordos de Minsk, depois sabotados pelos governos dos EUA, França e Alemanha, conforme os próprios chefes de governo assumiram); e não contribuir para a escalada como vem fazendo. Ela tem sido uma das vozes mais críticas contra o envio de armas alemãs ao regim",0.6570114493370056,""
"n0233","PCdoB","Lula assina decreto que atualiza regras do setor de segurança privada","Lula assina decreto que atualiza regras do setor de segurança privada. a ainda mais robusta, seu papel como órgão autorizador, fiscalizador e certificador das atividades de segurança privada”, explicou. Além disso, Rodrigues salientou que o decreto enfrenta o problema das empresas clandestinas, amplia instrumentos de fiscalização e repressão e torna mais rigoroso o controle de armamentos. “Este ponto é crucial porque segurança privada envolve, muitas vezes, o uso de armas de fogo e equipamentos ",0.6570114493370056,""
"n0612","NOVO","Taser Permitido no Brasil? Eduardo Girão Envia Projeto para Regulamentar Item para o Cidadão Comum","Taser Permitido no Brasil? Eduardo Girão Envia Projeto para Regulamentar Item para o Cidadão Comum. Taser permitido no Brasil? Isso pode se tornar uma realidade. O uso de tasers ou armas de eletrochoque é uma excelente alternativa de defesa pessoal para o cidadão comum e que já é uma realidade em diversos países: pensando nisso, o senador Eduardo Girão (NOVO-CE) apresentou um projeto para regulamentar o acesso a tasers pela população geral no Brasil. Na última quinta-feira (22), o senador do NOV",0.6570114493370056,""
"n0182","PCB","A POLÍTICA DA ADMINISTRAÇÃO OBAMA AMEAÇA A HUMANIDADE","A POLÍTICA DA ADMINISTRAÇÃO OBAMA AMEAÇA A HUMANIDADE.  o Iémen para as manchetes da comunicação social. De um dia para o outro aquele esquecido pais do Sudeste da Península Arábica passou a ser apontado como o foco principal da Al Qaeda e uma ameaça à segurança dos EUA. Uma massa torrencial de informações falsas foi difundida pelo planeta numa repetição do que acontecera em 2004 nas vésperas da agressão ao Iraque quando Washington forjou o mito das “armas de extinção maciça” como pretexto para ",0.6570114493370056,""
