"news_id","party_sigla","titulo","trecho","manaca","s","rotulo_manual"
"n0089","PCB","Para onde vai a Segurança Pública do Rio de Janeiro?","Para onde vai a Segurança Pública do Rio de Janeiro?. de outrora do projeto a pacificação expresso nas UPPs por causa da crise econômica que se aprofundava. Quanto a este período também era notório o deslocamento dos grupos armados e seus conflitos por disputa territorial em outros municípios da Região Metropolitana (Baixada Fluminense e Leste Fluminense). As facções perceberam que poderiam expandir a circulação do comércio de drogas e, portanto, de armas para locais onde até então não se ouvia falar da presença de grupos armados. Este fato possui causalidade direta com a instalação das UPP’s ","neutro",0.007580161094665527,""
"n0163","PCB","UNASUR, ALBA E OS POVOS","UNASUR, ALBA E OS POVOS. e “nuestramericana” , as forças revolucionárias contam comuma ferramenta de grande potencialidade: a ALBA. Mas esta ferramenta deve ser utilizada coma maior precisão. Dizia León Trotsky que não bastava ter uma boa espada para combater, era necessário que aespada estivesse bem afiada. E que tampouco era suficiente que a espada estivesse bemafiada, mas também era necessário saber usá-la. A ALBA é a arma principal com que contam os governos revolucionários para avançar na lutapela unidade de Nossa América, sendo esta uma verdadeira preocupação para os interessesimperialis","neutro",-0.10838311910629272,""
"n0817","PSD","Éder Mauro defende flagrante em casos de legítima defesa - PSD - Partido Social Democrático","Éder Mauro defende flagrante em casos de legítima defesa - PSD - Partido Social Democrático. Deputado Delegado Éder Mauro (PA) – Foto: Cláudio Araújo A comissão especial que analisa o Projeto de Lei (PL) 3.722/12, que altera o Estatuto do Desarmamento, encerrou os trabalhos nesta terça-feira (3) com a inclusão de um único destaque que modifica o texto do substitutivo, aprovado na semana passada. O deputado Delegado Éder Mauro, do PSD do Pará, votou a favor do destaque que permite a prisão em flagrante para casos de disparo de arma de fogo, mesmo com evidências de uso em situação de legítima de","neutro",0.009599179029464722,""
"n0374","PSDB","“Botão do Pânico” auxilia no enfrentamento à violência doméstica em Mato Grosso do Sul","“Botão do Pânico” auxilia no enfrentamento à violência doméstica em Mato Grosso do Sul. policial, a verificação de lesão corporal e se ela tem alguma prova material, seja fotografia, áudio, conversas ou qualquer meio de provas e testemunhas que comprovem, para que seja concedida medida protetiva, que é uma medida provisória que visa a proteção inicial da vítima”, esclarece. As medidas aplicadas contra agressores enquadrados na Lei Maria da Penha, vão desde a suspensão e restrição ao porte de arma de fogo, afastamento do lar, proibição de aproximação e contato, proibição de frequentar determina","neutro",-0.053936123847961426,""
"n0767","PSB","PSB ingressa no STF para suspender decretos de Bolsonaro que facilitam compra de armas - PSB 40","PSB ingressa no STF para suspender decretos de Bolsonaro que facilitam compra de armas - PSB 40. O PSB ingressou com uma ação no Supremo Tribunal Federal (STF) para pedir a suspensão de quatro decretos editados pelo governo federal que facilitam o uso e a compra de armas de fogo no país. As normas preveem, por exemplo, o aumento do número de armas de fogo que o cidadão comum pode adquirir, e que colecionadores, atiradores e caçadores podem comprovar aptidão psicológica por meio de laudo fornecido por psicólogo com registro no conselho da profissão, sem a necessidade de cadastro do profissional","neutro",-0.12980976700782776,""
"n0082","PCB","Israel: armas nucleares e o governo de direita","Israel: armas nucleares e o governo de direita. A Primeira Ministra de Israel Golda Meir, o Presidente Nixon dos EUA e o Secretário de Estado Henry Kissinger na Sala Oval em 1º de novembro de 1973. Acredita-se que Nixon e Meir estabeleceram um acordo secreto em 1969 para manter sob sigilo a existência das armas nucleares de Israel, até mesmo de Kissinger. Uma década depois, Israel conduziu testes nucleares com explosões na costa da África do Sul, violando o Tratado de Proibição Limitada de Testes Nucleares de 1963. (Crédito da foto: Acervo da Casa Branca / Arquivo Nacional, via Wikimedia Commo","neutro",-0.014377973973751068,""
"n0104","PCB","SEIS ARREPIANTES NOVAS ARMAS USADAS POR POLÍCIAS E MILITARES PARA REPRIMIR PESSOAS DESARMADAS","SEIS ARREPIANTES NOVAS ARMAS USADAS POR POLÍCIAS E MILITARES PARA REPRIMIR PESSOAS DESARMADAS. ODiário – Portugal A dominação de classe recorre a meios repressivos cada vez mais sofisticados e agressivos. Os EUA estão na vanguarda do desenvolvimento de armas que envolvem uma notável variedade de tecnologias e que parecem pertencer a um thriller hollywoodesco de ficção científica. Dos explosivos de energia em micro-ondas e dos feixes laser encandeantes, até aos agentes químicos e aos explosivos sónicos ensurdecedores, estas armas estão na crista da onda do controlo de multidões. A designação ap","neutro",0.0034605972468852997,""
"n0330","PSDB","Bancadas tucanas repudiam depredação em Brasília","Bancadas tucanas repudiam depredação em Brasília. ca, terá sempre o meu respeito. O que não terá nunca o meu respeito e sempre o meu repúdio é o uso da violência. Que a lei e a ordem possam ser garantidas, sempre respeitando a Constituição Federal.” Para o deputado federal Rogério Marinho (PSDB-RN), o que houve foram atos de “violência e destruição” conduzidos por “vândalos” na Esplanada dos Ministérios. “Truculência, intimidação e agressões são armas da esquerda fascista”, reagiu o tucano. Vice-presidente do PSDB, o deputado federal Sílvio Torres (SP) manifestou apoio a manifestações que não ","neutro",0.007076546549797058,""
"n0636","PSOL","VITÓRIA! Senado vota pela derrubada de decreto das armas de Bolsonaro","VITÓRIA! Senado vota pela derrubada de decreto das armas de Bolsonaro. Os senadores votaram em plenário nesta terça-feira (18) a derrubada do Decreto 9.785, de 2019, assinado pelo presidente Jair Bolsonaro para ampliar o porte de armas no Brasil. Com 47 votos favoráveis e 28 contrários, o Senado rejeitou a medida que pode colocar mais de 250 mil revólveres em território brasileiro. Agora, a decisão precisa ser votada pela Câmara dos Deputados. Se a maioria dos deputados decidir pela suspensão do decreto, a medida perderá a validade. A bancada do PSOL votará a favor da derrubada definitiva do d","neutro",0.0070765018463134766,""
"n0647","PSOL","PSOL define eixos de ação para o segundo semestre","PSOL define eixos de ação para o segundo semestre. s crimes cometidos pelo Estado contra vítimas inocentes da chamada “guerra às drogas” e fim da política de militarização e de extermínio da juventude negra nas favelas de todo o país, especialmente no Rio de Janeiro com Witzel. As polícias não podem ser pensadas como forças subalternas do exército para operacionalizar um regime de guerra interna, contra a própria população que deveria proteger; - Desarmamento e controle de armas: num país que mais de 60 mil pessoas morrem todos os anos vítimas de armas de fogo, não podemos permitir o retrocess","contrário",-0.03306782245635986,""
"n0519","PT","‘Palavra em Disputa’: série analisa cenário político e o papel da comunicação – Partido dos Trabalhadores","‘Palavra em Disputa’: série analisa cenário político e o papel da comunicação – Partido dos Trabalhadores. uerra de narrativas no século 21. Sob o comando do secretário Éden Valadares, o quadro mergulha na comunicação não apenas como meio de transmissão, mas como o próprio campo onde se decide o futuro das democracias modernas e a autonomia dos povos. O projeto surge em um momento crucial, onde as ferramentas digitais e a Inteligência Artificial deixaram de ser apenas conexões sociais para se tornarem armas de manipulação. A série conectará eventos mundiais ao dia a dia do brasileiro. O episód","neutro",-0.04358178377151489,""
"n0863","PV","Nota de Pesar – PV vai lutar por justiça por Bruno Pereira e Dom Phillips","Nota de Pesar – PV vai lutar por justiça por Bruno Pereira e Dom Phillips. ação ilegal de madeira e bens da terra indígena. É importante lembrar que desde 2019, há um acirramento dos crimes na região. As invasões, segundo entidades locais, têm sido sistemáticas e com um grau de degradação ainda maior. Há uma escalada visível da violência na região. A fragilização da Funai e de órgãos responsáveis pela proteção de populações indígenas resultou em um aumento de ataques de armas de fogo às comunidades. O Brasil tem sido cenário de uma cruel realidade, sendo o país o 4º lugar do mundo mais perigos","neutro",0.009599179029464722,""
"n0353","PSDB","Projetos do PSDB em tramitação no Congresso mostram que segurança pública é prioridade do partido","Projetos do PSDB em tramitação no Congresso mostram que segurança pública é prioridade do partido. documento intitulado de “Princípios e valores para um novo Brasil”, o PSDB afirma que a segurança pública deve ser “objeto de trabalho integrado das polícias, de modernização das formas de combate ao crime organizado, de uma política adequada de enfrentamento à questão das drogas”. O partido também defende no texto maior proteção das fronteiras brasileiras, com o objetivo de reprimir o tráfico de armas e entorpecentes, capitaneados pelo governo federal. A história recente mostra que a segurança p","neutro",0.037878990173339844,""
"n0081","PCB","Armas procedentes da Arábia Saudita são apreendidas na Síria","Armas procedentes da Arábia Saudita são apreendidas na Síria. O exército sírio confiscou cinco caminhões na central província de Hama com numerosas caixas cheias de armas e materiais bélicos procedentes da Arábia Saudita destinados a grupos extremistas, relatou hoje um porta-voz militar. A fonte informante destacou que unidades da 11 divisão atacaram um esconderijo da Frente Al Nusra, braço da Al Qaeda na Síria, próximo da cidade de Salamiyya, onde descobriram os veículos. Os caminhões transportavam caixas com o rótulo “alimento de ajuda”, mas em seu interior havia medicamentos de primeiros so","neutro",0.02399134635925293,""
"n0281","PCdoB","CS da ONU instaura ‘força de estabilização’ em Gaza sem avançar na criação do Estado da Palestina","CS da ONU instaura ‘força de estabilização’ em Gaza sem avançar na criação do Estado da Palestina. aza” e se pronunciou contra tal “mecanismo internacional de tutela”, que os palestinos “rejeitam em todas as suas formas.” O Hamas também argumentou que a medida visa garantir objetivos que Israel “não conseguiu alcançar por meio de sua guerra brutal”, apresentando o resultado como imposto externamente, e não como derivado de um processo político negociado. Também se recusou a qualquer intento de desarmar os palestinos sob a ocupação. Por sua vez, a agência de notícias Reuters descreveu que a For","neutro",0.02998901903629303,""
"n0630","PSOL","PSOL apresenta voto em separado sobre PEC que abre margem para ""guerra de todos contra todos""","PSOL apresenta voto em separado sobre PEC que abre margem para ""guerra de todos contra todos"". ria Petrone, para se posicionar de forma contrária à Proposta de Emenda à Constituição (PEC) 100/2019. Ela, em seu texto original, altera o artigo 5º da carta magna do país para garantir o “direito à legítima defesa” e garante o “direito a possuir e portar os meios necessários para garantir a inviolabilidade à legítima defesa”. Em outras palavras, pretende constitucionalizar o acesso irrestrito a armas de fogo, tanto para posse como porte delas, sob o pretexto de garantir “legítima defesa”. O relatór","neutro",0.04520463943481445,""
"n0347","PSDB","Projeto de Carneiro destina 20% da publicidade oficial para campanhas educativas | PSDB – Partido da Social Democracia Brasileira","Projeto de Carneiro destina 20% da publicidade oficial para campanhas educativas | PSDB – Partido da Social Democracia Brasileira. aráter educativo, informativo ou de orientação social. De acordo com o texto, nos casos de publicidade voltada à orientação social, a informação prestada deverá ser veiculada de forma suficientemente clara e precisa, a fim de que o cidadão possa instruir-se acerca do exercício de seus direitos e deveres. “É necessário ampliar as campanhas educativas, como a do trânsito, faixa de pedestre, dengue, desarmamento, entre outras. As campanhas são de interesse social e pr","neutro",0.06132601201534271,""
"n0093","PCB","Ascensão e declínio dos EUA","Ascensão e declínio dos EUA. ropeia da América do Norte e subsequentes 250 anos dos Estados Unidos da América são um exemplo óbvio de desenvolvimento de um sistema capitalista desde a fase de acumulação primitiva até a fase imperialista, com tudo o que isso implica de expropriação e exploração, desigualdade e opressão, de violência e guerra. Uma violência, desde logo, quando começaram a chegar os colonos europeus com as suas armas, doenças e cultura de conquista, legitimada por pretensa superioridade racial. As Américas pré-colombianas estavam longe de serem terras desocupadas ou habitadas por","neutro",0.04494699090719223,""
"n0661","PSOL","Bancada Ativista denuncia ação da PM em protestos de SP e decreto de Doria para OEA","Bancada Ativista denuncia ação da PM em protestos de SP e decreto de Doria para OEA.  a norma estabelece a obrigatoriedade de comunicação prévia à polícia quando a manifestação prever participação de mais de 300 pessoas, “a polícia entende que pode dispersar protestos com mais de 300 pessoas”, afirma a codeputada. Outro ponto polêmico é a tipificação do uso de máscaras e lenços como “anonimato” e “delito de desobediência”, além de estabelecer que o uso de hastes de bandeiras são “armas brancas”. A Comissão Interamericana de Direitos Humanos prevê que não se pode prender um manifestante por exp","neutro",0.04278331995010376,""
"n0107","PCB","80 anos da Federação Sindical Mundial","80 anos da Federação Sindical Mundial. s militares globais, o que é de mais de 2 trilhões de dólares, exacerbando o confronto e aumentando o risco de um conflito imperialista generalizado e uma guerra com consequências terríveis. Exigimos o fim imediato e incondicional de todas as guerras e intervenções imperialistas em todo o mundo. Afirmamos a exigência de dissolução da OTAN e de todas as coligações militares, e a abolição total das armas nucleares. Lutamos pelo cessar-fogo imediato e o fim da guerra na Ucrânia, no Iêmen, no Sudão e em todas as zonas de guerra, no Oriente Médio e em outros l","neutro",0.037878990173339844,""
"n0283","PCdoB","Obrador diz que México é pacifista e não envia armas a Kiev - PCdoB","Obrador diz que México é pacifista e não envia armas a Kiev - PCdoB. Obrador diz que México é pacifista e não envia armas a Kiev O líder presidente mexicano López Obrador defendeu sua posição em relação ao conflito iniciado na Ucrânia em 24 de fevereiro. “O México é um país pacifista que escolheu a não-violência e somos a favor do diálogo, não da guerra. Não enviamos armas para nenhum país sob nenhuma circunstância, como você [UE] está fazendo agora”, afirmou o presidente ao rebater críticas ao México pelo seu posicionamento. Diante das inúmeras sanções impostas pelos Estados Unidos e membros ","neutro",0.051898159086704254,""
"n0894","PV","NAVEGAÇÃO NO NEVOEIRO","NAVEGAÇÃO NO NEVOEIRO. as na vida, precisamos navegar nele com cuidado, pois não temos ainda a visão completa da cena. No caso de Suzano, falou-se na influência dos games? Mas temos poucas pesquisas nesse campo, e não indicam isto até agora. Bullying? Também se fala muito, mas cravar que a causa é bullying, de certa forma, é culpar as vítimas. Assim como nos Estados Unidos, certamente haverá um debate sobre controle de armas. E os argumentos aqui parecem os de Trump, que aconselha aos professores uma arma de fogo. O momento ainda é de velar os mortos e buscar o maior número de informações sobr","neutro",0.03787894546985626,""
"n0175","PCB","Governo de Lugo implementa Plano Colômbia na região","Governo de Lugo implementa Plano Colômbia na região. ados, atualmente, pelas forças especiais treinadas na Colômbia e nos Estados Unidos. Eles se somam ao arsenal e tecnologia doados ao Paraguai durante a apresentação do batalhão anti-terrorista, em 4 de novembro de 2009 passado. Este batalhão, conjuntamente com os assessores colombianos, se encontra realizando o trabalho de campo em Concepción. Além disso, não se tem notícias de 2 especialistas em armas ingressos este ano, somente por uns dias. Não se sabe se abandonaram o país. O fato é que os mesmos poderiam ainda se encontrar na zona de Co","neutro",0.04881910979747772,""
"n0171","PCB","Apelo à solidariedade com o Irã!","Apelo à solidariedade com o Irã!. o Irão; Considerando que sanções muitas vezes abrem o caminho à guerra; Considerando que o Irã, como signatário do Tratado de Não Proliferação Nuclear, tem o “direito inalienável” a desenvolver e utilizar tecnologia nuclear para finalidades pacíficas; Considerando que, segundo a Agência Internacional de Energia Atómica, não há evidência a suportar a acusação de que o Irã está “a planejar produzir armas nucleares”; Considerando que os lobbies hegemónicos que hoje retratam o Irã como uma ameaça à paz também mentiram acerca de imaginárias armas de destruição maci","neutro",0.023991316556930542,""
"n0415","PSDB","Assunto: Câmara analisa MP de armas de fogo.","Assunto: Câmara analisa MP de armas de fogo.. Início - Acompanhe - Rádio PSDB - Assunto: Câmara analisa MP de armas de fogo. Assunto: Câmara analisa MP de armas de fogo. facebook twitter whatsapp google facebook twitter whatsapp google Rádio PSDB - 26/11/2007 Ouça facebook twitter whatsapp google mais lidas Notícias PSDB moderniza sua marca 1 Notícias Esclarecimento sobre decisão judicial relacionada à Executiva Nacional do PSDB 2 Notícias Lançamento de documentário celebra os 25 anos do PSDB-Mulher 3 Notícias PSDB encerra Diálogos Tucanos com a apresentação das","neutro",0.08724597096443176,""
"n0097","PCB","O fascismo e o terrorismo doméstico","O fascismo e o terrorismo doméstico. que ninguém foi preso ou responsabilizado diante dos atos terroristas e antidemocráticos. Na quinta-feira (12/dezembro), Alexandre de Moraes ordenou uma mega operação contra as lideranças dos atos antidemocráticos. O ministro determinou 103 medidas de busca e apreensão e quatro ordens de prisão, além de quebras de sigilo bancário e apreensão de passaportes. Houve também medidas contra pessoas com porte de armas, com a suspensão de certificados de registro de Colecionador, Atirador Desportivo e Caçador (CACs). Além de determinar o bloqueio de contas bancária","neutro",0.09146346151828766,""
"n0319","PSDB","Em encontro na CNA, Geraldo Alckmin defende reintegração de posse","Em encontro na CNA, Geraldo Alckmin defende reintegração de posse. s são muito sujeitas a variações climáticas fortes. É preciso seguro de renda com fundo de catástrofe e cosseguro.”, disse. “Ao governo cabe subsidiar pelo menos no início o seguro agrícola. Expandir o seguro de renda. Avançar no seguro de renda para caminhar melhor. Com isso, melhora o crédito agrícola, que deve ser plurianual”. No encontro, candidato do PSDB disse ser favorável à facilitação de porte de armas em áreas rurais e ao aumento de pena para receptadores de produtos roubados. “Ampliar a oferta de crédito com juros me","favorável",0.09895497560501099,""
"n0619","NOVO","O que é ser de direita?","O que é ser de direita?. conservador de direita significa defender tradições e instituições construídas pelas gerações passadas, como a democracia, a separação entre os três poderes a liberdade religiosa e a moralidade no setor público. Além disso, conservadores são contra mudanças rápidas e radicais, que ameaçam derrubar os avanços que a sociedade construiu. Também são pautas comuns do movimento conservador: o direito à posse de armas para autodefesa, o direito de ensinar seus filhos no modelo educacional que preferir e o combate à ideologia de gênero. Apesar disso, essas também são bandeiras","neutro",0.07329019904136658,""
"n0399","PSDB","“Brasil vive um estado de insegurança”, alerta o doutor em Ciências Militares e professor da Universidade Salvador, Carlos Alberto da Costa Gomes","“Brasil vive um estado de insegurança”, alerta o doutor em Ciências Militares e professor da Universidade Salvador, Carlos Alberto da Costa Gomes. o Vilela (ITV), discutiu nesta sexta-feira (6) em Salvador (BA) a questão da segurança pública e o momento político e econômico do país. Para o palestrante e doutor em Ciências Militares pela Escola de Comando e Estado Maior do Exército e professor da Universidade Salvador, Carlos Alberto da Costa Gomes, o Brasil vive um “estado de insegurança”. Logo no início de sua palestra, Gomes advertiu: “As armas que matam são armas ilegais. O Brasil não conse","neutro",0.09556427597999573,""
"n0112","PCB","A guerra como política de hegemonia dos EUA","A guerra como política de hegemonia dos EUA. ialista dominante, única e incontestada, nomeadamente pelos seus «aliados». A nova ordem mundial – imperialista – era, acima de tudo, estadunidense. É esta hegemonia, hoje seriamente posta em causa, que os EUA se esforçam por manter a todo o custo. Doa a quem doer… Guerra de mentiras Os EUA procuraram justificar a agressão insistindo em dois pretextos, comprovadamente falsos: o desenvolvimento de armas de destruição em massa pelo Iraque e as ligações do seu governo com a Al-Qaeda de Bin Laden. Contaram, para isso, com um verdadeiro arsenal midiático","neutro",0.07767263799905777,""
"n0677","PSOL","Talíria Petrone apresenta projeto que veta uso de aeronaves para disparos de armas de fogo","Talíria Petrone apresenta projeto que veta uso de aeronaves para disparos de armas de fogo. A deputada federal Talíria Petrone (PSOL) protocolou na última um projeto de lei pra proibir o uso de aeronaves como plataforma de disparo de armas de fogo, que acontece principalmente durante operações policiais. O texto veda o lançamento de projéteis, munições, bombas, granadas ou qualquer outro tipo de artefato ofensivo. A proibição se aplica a qualquer operação em território nacional. A atuação aérea deverá se limitar a funções de observação, resgate, transporte e logística, desde que não coloque em","neutro",0.08527551591396332,""
"n0137","PCB","Goiânia: desmilitarizar a guarda metropolitana!","Goiânia: desmilitarizar a guarda metropolitana!. entração da propriedade; o monopólio do poder político pelas classes dominantes; e a criminalização das lutas e movimentos sociais. Em suma, a militarização da GCM leva exatamente ao contrário do que supostamente se pretende, isto é, combater a criminalidade e violência, quando na verdade tem como finalidade ampliar as práticas de controle e repressão às populações pobres. Pela desmilitarização e desarmamento da Guarda Municipal de Goiânia! Programa Político Eleições 2020 – PCB-Goiás Uma Alternativa Socialista Para Goiânia!","neutro",0.07877947390079498,""
"n0322","PSDB","“O grito das ruas e o silêncio dos ‘inocentes’”, por Solange Jurema","“O grito das ruas e o silêncio dos ‘inocentes’”, por Solange Jurema. stração de Lula e do PT, em faixas, jingles populares e cartazes sintetizaram, não só a indignação, mas também a vontade de mudar o Brasil e acabar de vez com as práticas políticas que saquearam e ainda pretendem saquear os cofres públicos. De maneira ordeira, democrática e pacifica, a multidão respondeu aos petistas, ao governo federal e aliados sindicais que ainda têm a ousadia de conclamar “às armas” e tentar intimidar os mais de 90% que se proclamam descontentes com os atual estado em que se encontra o Brasil. Não consegu","favorável",0.09521549940109253,""
"n0899","PV","Estudantes dos EUA se mobilizam em mais de 800 cidades em marcha contra armas","Estudantes dos EUA se mobilizam em mais de 800 cidades em marcha contra armas. Sobreviventes do massacre em escola da Flórida se unirão aos milhares de jovens que pressionam o Congresso a proibir a venda de fuzis semiautomáticos e de cartuchos com mais de dez balas, e a elevar para 21 anos da idade mínima para compra de armamento Zoe Gordon tem 15 anos e neste sábado estará nas ruas de Washington para fazer história ao lado de centenas de milhares de estudantes que exigirão leis mais rigorosas sobre a venda de armas na Marcha por Nossas Vidas, programada para ocorrer em 837 cidades dos EUA e d","neutro",0.0858583003282547,""
"n0227","PCdoB","‘Honestino’ resgata no cinema a memória da resistência estudantil","‘Honestino’ resgata no cinema a memória da resistência estudantil. i, filho, amigo. Gagliasso, que não conhecia o personagem antes do convite, mede a distância entre os dois papéis como quem mede uma trajetória moral. Foi muito mais prazeroso “estar do lado certo da História.” Para ele, o filme não é sobre o passado, evocando o 8 de Janeiro e os ataques sem fim à urna eletrônica. O ator acredita que nunca é demais falar sobre a ditadura no cinema. A memória como arma política Honestino chega na esteira de Ainda Estou Aqui — a história de Rubens Paiva vencedora do Oscar, que reabriu a conversa ","neutro",0.06757332384586334,""
"n0214","PCdoB","Escassez de mísseis faz Trump bater cabeça com seu secretário da guerra","Escassez de mísseis faz Trump bater cabeça com seu secretário da guerra. ara seus sistemas THAAD giram em torno de 250. De acordo com essa fonte, antes do conflito, havia aproximadamente 2.330 mísseis Patriot e 452 interceptadores THAAD em estoque, o que significa que mais da metade de cada um deles teria sido utilizada. Por sua vez o Wall Street Journal informou que Trump ordenou uma “investigação” para determinar a origem do vazamento sobre a redução dos estoques de munição dos EUA no contexto do conflito com o Irã. Vazamento que, supostamente, teria fortalecido o Irã e prejudicado a “estrat","neutro",0.09146358072757721,""
"n0375","PSDB","PL de Woo autoriza detector de metal em viagens rodoviárias interestaduais","PL de Woo autoriza detector de metal em viagens rodoviárias interestaduais. orte coletivo rodoviário interestadual de passageiros. O objetivo é impedir que bandidos armados tenham acesso aos veículos, garantindo mais segurança aos funcionários e usuários desse serviço. USUÁRIOS DE MARCAPASSO O passageiro que quiser viajar armado deverá informar, antecipadamente ao embarque, a empresa de transporte para que ela providencie compartimento especial destinado ao transporte de armas. Autoridade policial devidamente identificada também terá acesso livre ao veículo. No entanto, passageiro que se negar","neutro",0.12248629331588745,""
"n0043","MDB","Simone Reforça Uso De Tecnologia E Inteligência Em Segurança Pública: “Arma é Na Mão Da Polícia” - MDB - Movimento Democrático Brasileiro","Simone Reforça Uso De Tecnologia E Inteligência Em Segurança Pública: “Arma é Na Mão Da Polícia” - MDB - Movimento Democrático Brasileiro. o, “fechar a fronteira, (ter) tolerância zero contra o crime organizado, no Ministério Nacional de Segurança Pública, com Forças Armadas, segurança pública, Polícia Federal. De outro lado, dentro das cidades, com inteligência, tecnologia, monitoramento para que nós possamos prevenir porque depois que acontece o furto ou o roubo é muito difícil recuperar esses bens”, disse. Simone acrescentou que “arma é na mão da polícia” e que as exceções garantidas em lei","neutro",0.13148117065429688,""
"n0324","PSDB","“Violência e ódio não podem ferir ou matar a democracia”, diz Perillo sobre atentado","“Violência e ódio não podem ferir ou matar a democracia”, diz Perillo sobre atentado. “Violência e ódio não podem ferir ou matar a democracia”, diz Perillo sobre atentado Governador está profundamente abalado e consternado com o atentado ao ex-prefeito José Gomes, ao vice-governador José Eliton e aos líderes que acompanhavam a carreata O governador do Estado de Goiás, Marconi Ferreira Perillo Júnior, está profundamente abalado e consternado com o atentado com arma de fogo ao ex-prefeito de Itumbiara José Gomes, ao vice-governador José Eliton, neste momento governador em exercício, e aos lídere","neutro",0.11025314033031464,""
"n0579","PL","Flávio Bolsonaro (PL-RJ) apresenta projeto para sustar decreto que restringiu registro e porte de armas - PL 22","Flávio Bolsonaro (PL-RJ) apresenta projeto para sustar decreto que restringiu registro e porte de armas - PL 22. Senador Flávio Bolsonaro (PL-RJ) - Foto: Waldemir Barreto/Agência Senado 20/02/2026 Brasília – O senador Flávio Bolsonaro (PL-RJ) é autor do PDL 193/2023, que propõe a sustação do Decreto 11.615/2023, responsável por tornar mais rígidas as regras para aquisição, registro, posse e porte de armas de fogo no país. A Comissão de Segurança Pública (CSP) do Senado Federal deve analisar projetos que buscam cancelar os efeitos do Decreto 11.615/2023, editado em julho de 2023, que alterou re","neutro",0.12335696816444397,""
"n0372","PSDB","“Dilma e a honra perdida”, por Alberto Goldman","“Dilma e a honra perdida”, por Alberto Goldman. “Dilma e a honra perdida”, por Alberto Goldman Dilma discursou perante o Congresso Nacional da CUT (cujo presidente convocou seus liderados, em pleno Palácio do Planalto, a defender a manutenção de Dilma no poder “entricheirados e com armas nas mãos” – veja o vídeo). Disse que seus adversários tentam construir artificialmente o seu impedimento por meio de um golpismo escancarado: “eu me insurjo contra o golpismo e suas ações conspiratórias. Pergunto com toda a franqueza quem tem força moral, reputação ilibada e biografia limpa suficiente para ata","neutro",0.13148117065429688,""
"n0050","PCB","Centenário de Jayme Miranda, revolucionário brasileiro","Centenário de Jayme Miranda, revolucionário brasileiro. e massas. Após a proibição de funcionamento da ANL, mantém a militância comunista e participa do processo de organização da Insurreição Comunista, movimento que ficou conhecido como Intentona Comunista de 1935. É preso em Maceió, processado pelo Tribunal de Segurança Nacional (TSN) e condenado a cinco anos de prisão, pena cumprida no presídio da Ilha de Fernando de Noronha. Escola de Sargento das Armas No ano de 1946 ocorre uma mudança radical na vida do jovem acadêmico de Direito. Ao se inscrever e prestar concurso para a Escola de Sarge","neutro",0.10902222990989685,""
"n0609","NOVO","Conheça As Seis Lições: Livro Mencionado por Lutador do UFC","Conheça As Seis Lições: Livro Mencionado por Lutador do UFC. o brasileiro Renato Carneiro “Moicano” fez um discurso em defesa da liberdade de expressão e incentivou a leitura da obra “As Seis Lições” de Ludwig von Mises. Moicano disse amar a 1ª emenda da constituição dos Estados Unidos, que proíbe que o governo crie leis que cerceiam a liberdade de expressão. “Amo a América, amo a constituição, amo a 1ª emenda”, afirmou. Além disso, o brasileiro defendeu o porte de armas e a propriedade privada. “Se você se preocupa com o seu país, leia Ludwig von Mises e As Seis Lições”, declarou após nocaute","neutro",0.1469959020614624,""
"n0110","PCB","A geografia dos grupos armados no Rio de Janeiro","A geografia dos grupos armados no Rio de Janeiro. trama territorial envolvendo os grupos armados. Nesse mesmo ano, a política nacional vivia (ainda vive) uma ofensiva da extrema direita que, em linhas gerais, converge para sua principal síntese, o bolsonarismo, uma espécie de fascismo baseado no discurso da eliminação do adversário político, do aumento da violência policial (seja institucionalmente, através das operações policiais, ou através do armamento civil para questões cotidianas), um obscurantismo anticientífico etc. Nesse sentido, por conta de uma afinidade ideológica, estes grupos arm","neutro",0.14763392508029938,""
"n0326","PSDB","Parceria com Judiciário é uma das saídas para minimizar o “problemão” do sistema penitenciário, diz Alckmin","Parceria com Judiciário é uma das saídas para minimizar o “problemão” do sistema penitenciário, diz Alckmin. Parceria com Judiciário é uma das saídas para minimizar o “problemão” do sistema penitenciário, diz Alckmin Punições mais duras contra o crime organizado – como o tráfico de armas, drogas e o roubo de cargas – é uma das estratégias do plano de segurança do PSDB para o Brasil em 2019. Presidente nacional do partido e pré-candidato à Presidência da República, Geraldo Alckmin tem alertado sobre o “problemão” que é o sistema penitenciário do país, com leis duras com os pequenos infratores e","favorável",0.12837928533554077,""
"n0841","PSD","Relatório de Francisco Araújo sobre porte de armas é aprovado na Comissão de Segurança Pública - PSD - Partido Social Democrático","Relatório de Francisco Araújo sobre porte de armas é aprovado na Comissão de Segurança Pública - PSD - Partido Social Democrático. Deputado Francisco Araújo Por oito votos a favor e sete contra, a Comissão de Segurança Pública e Combate ao Crime Organizado da Câmara aprovou nesta quarta-feira (8) o parecer do relator, deputado Francisco Araújo (PSD-RR) ao Projeto de Lei 3624/08, que concede porte de arma aos fiscais de trânsito. Polêmica, a proposta é de autoria do então deputado Tadeu Filippelli (PMDB), atual vice-governador do Distrito Federal. “Entendemos que os chamados agentes de trânsito","neutro",0.13959437608718872,""
"n0217","PCdoB","Sabotagem de Netanyahu ao cessar-fogo e negociações tem repúdio mundial","Sabotagem de Netanyahu ao cessar-fogo e negociações tem repúdio mundial.  Netanyahu. Ele precisa salvar o acordo que negociou. Ele tem poder de barganha. Ele deveria usá-lo!” Diante da pressão internacional crescente, Netanyahu passou a dizer que quer negociação imediata e direta com o governo libanês sem anunciar o cessar-fogo mundialmente exigido. Informações divulgadas pelo jornal israelense Haaretz afirmam que, segundo os israelenses, “as negociações têm como foco desarmar a Resistência Libanesa, Hezbollah”, com Israel ocupando o Líbano ao sul, até as margens do rio Litani e mantendo seu p","neutro",0.1047113835811615,""
"n0209","PCdoB","Ser palestino é uma forma de luta, que mostra de que lado da história se está","Ser palestino é uma forma de luta, que mostra de que lado da história se está.  uma pessoa está: se do lado dos exploradores ou dos explorados; se do lado do sionismo, do fascismo, ou do outro lado. E a maioria dos povos está com a gente, do lado certo da história”. Governança estrangeira x governança palestina “Para nós, agora, o mais importante é a entrega dos corpos e dos prisioneiros que estavam à frente da resistência. O segundo ponto é que estão falando em entregar as armas da resistência e estabelecer um governo regional ou internacional, sob o comando de Trump e Tony Blair — que, no Ir","neutro",0.09954094886779785,""
"n0551","PT","Presidente Lula representa contra agressor que fez ameaça com arma de fogo – Partido dos Trabalhadores","Presidente Lula representa contra agressor que fez ameaça com arma de fogo – Partido dos Trabalhadores. O presidente Lula ofereceu representação ao Ministério Público de São Paulo, neste domingo (14), contra o empresário que o ameaçou de morte com arma de fogo, em vídeo postado no sábado (13). A representação solicita, entre outras medidas, que seja decretada a prisão preventiva do agressor. No documento, os advogados de Lula informam que “circula pelas redes sociais, desde o dia 13/03/2021, vídeo em que o empresário José Sabatini profere disparos com arma de fogo e ameaça a integridade física","neutro",0.18636833131313324,""
"n0179","PCB","A carta da terra","A carta da terra. ões. b) Implementar estratégias amplas para prevenir conflitos armados e usar a colaboração na resolução de problemas para manejar e resolver conflitos ambientais e outras disputas. c) Desmilitarizar os sistemas de segurança nacional até chegar ao nível de uma postura não-provocativa da defesa, e converter os recursos militares em propósitos pacíficos, incluindo restauração ecológica. d) Eliminar armas nucleares, biológicas e tóxicas e outras armas de destruição em massa. e) Assegurar que o uso do espaço orbital e cósmico mantenha a protecção ambiental e paz. g) Reconhecer qu","neutro",0.17806312441825867,""
"n0509","PT","Após eleição de Lula, investimentos da Bolsa sobem em educação e caem em armas – Partido dos Trabalhadores","Após eleição de Lula, investimentos da Bolsa sobem em educação e caem em armas – Partido dos Trabalhadores. A prosperidade econômica com Lula na presidência do Brasil começa a dar o ar de sua graça. Investidores da Bolsa de Valores brasileira favorecem a educação e desprestigiam a fabricação de armas. Na últiima segunda-feira, 31, um movimento de rotação de ações deu preferência aos ativos que podem ser favorecidos com a troca de governo. No domingo, 30, o Brasil da Esperança provocou volatilidade nos principais índices do mercado local. Ao final do dia de negociações, o saldo foi positivo. O ","favorável",0.30391448736190796,""
"n0788","PSB","Simone Tebet propõe reduzir emendas parlamentares e ampliar recursos diretos para municípios - PSB 40","Simone Tebet propõe reduzir emendas parlamentares e ampliar recursos diretos para municípios - PSB 40.  Armadas nas fronteiras, da Polícia Federal e da Receita Federal para combater a estrutura financeira das organizações criminosas. “Aprovar o projeto que coloca a coordenação do combate ao crime organizado, PCC e Comando Vermelho, no Governo Federal, usando as Forças Armadas na fronteira, a Polícia Federal, a Receita Federal para sufocar o dinheiro dos chefões do crime, que são eles que colocam a arma na mão do bandido, para a gente poder, na coordenação com os Estados, Polícia Civil, Polícia","favorável",0.22251802682876587,""
"n0546","PT","Com incentivo às armas, Bolsonaro coloca vida das mulheres em risco – Partido dos Trabalhadores","Com incentivo às armas, Bolsonaro coloca vida das mulheres em risco – Partido dos Trabalhadores. De 2019 a março de 2022, mais de 400 mil novas armas de fogo foram registradas no país, segundo dados da Polícia Federal para o portal de transparência “Fiquem Sabendo”. Desse total, mais 96% estão em nome de homens e 4% em nome de mulheres. A insegurança e perigo que as mulheres correm não são apenas “sensações”, mas a prática diária da violência cotidiana que elas sofrem. Segundo a antropóloga, cientista política e especialista em segurança pública, Jaqu [...]  Se considerarmos que mais da metade","neutro",0.2448047250509262,""
"n0204","PCdoB","Papa pede preservação do tratado de armas nucleares entre EUA e Rússia","Papa pede preservação do tratado de armas nucleares entre EUA e Rússia. Papa pede preservação do tratado de armas nucleares entre EUA e Rússia O Papa Leão XIV pediu durante a sua audiência-geral de quarta-feira a “continuação concreta e efetiva” do tratado Novo Start entre Estados Unidos e Rússia, que é o último remanescente da arquitetura internacional de contenção da guerra nuclear e expira nesta quinta-feira (5), e que determina limite de 1550 ogivas implantadas e 800 veículos lançadores a cada lado (mísseis intercontinentais, submarinos nucleares e bombardeiros estratégicos). O tratado tam","neutro",0.19780200719833374,""
"n0816","PSD","Força Municipal amplia ações pela segurança no Rio - PSD - Partido Social Democrático","Força Municipal amplia ações pela segurança no Rio - PSD - Partido Social Democrático. região. A força, uma divisão de elite da Guarda Municipal, foi criada durante a gestão do ex-prefeito Eduardo Paes (PSD) e iniciou suas atividades em março. Desde então, a Força Municipal totalizou mais de 6,6 mil abordagens realizadas e 817 prisões efetuadas pelas equipes. Nesse período, os agentes também recuperaram 141 aparelhos celulares, 139 motocicletas e 15 cordões, além de apreenderem uma arma de fogo, seis réplicas de arma de fogo e 45 armas brancas. De acordo com Cavaliere, a atuação dessa força se","neutro",0.19185365736484528,""
"n0243","PCdoB","Supremo dá 48 horas para Carla Zambelli entregar arma e retira seu porte","Supremo dá 48 horas para Carla Zambelli entregar arma e retira seu porte. Supremo dá 48 horas para Carla Zambelli entregar arma e retira seu porte O Supremo Tribunal Federal (STF) tirou o porte de armas da deputada federal Carla Zambelli (PL-SP) e deu-lhe 48 horas para ela entregar a pistola à Polícia Federal (PF). A decisão do Supremo veio após pedido da Procuradoria-Geral da República (PGR) solicitando as duas medidas, que são cautelares, pois, a deputada deu demonstração explícita que não está preparada para ter posse de arma. A decisão foi tomada pelo ministro do STF, Gilmar Mendes, a pedi","favorável",0.19587107002735138,""
"n0511","PT","Câmara aprova MP do governo que reduz impacto das tarifas de energia – Partido dos Trabalhadores","Câmara aprova MP do governo que reduz impacto das tarifas de energia – Partido dos Trabalhadores. s exigências para as etapas do concurso para o cargo de Técnico Legislativo – especialidade Policial Legislativo Federal. Regime de urgência Foram aprovados requerimentos de urgência para votação das seguintes propostas: PL 4.938/2019 – Disciplina a gestão cívico-militar nas escolas públicas de educação básica; PL 7.351/2006 – Tipifica o crime de resistência qualificada, caracterizada pelo uso de arma de fogo, munição ou explosivo contra funcionário público no exercício legal de suas funções; PL 1","neutro",0.16680693626403809,""
"n0959","REPUBLICANOS","Salvador Soares defende Guarda Municipal armada","Salvador Soares defende Guarda Municipal armada. Republicano alerta que o número de assaltos na região, em especial aos comércios, tem crescido de maneira progressiva e alarmante Publicado em 29/3/2017 - 00:00 São Gonçalo (RJ) – Em pronunciamento na Câmara Municipal de São Gonçalo, o vereador Salvador Soares (PRB) defendeu o uso de arma de fogo por profissionais da Guarda Municipal. O republicano alerta que o número de assaltos na região, em especial aos comércios, tem crescido de maneira progressiva e alarmante. “Equipar a guarda municipal com armas de fogo é uma maneira imediata de aumentar ","neutro",0.3030851483345032,""
"n0418","PSDB","Líder Arthur Virgílio garante que o Estatuto do Desarmamento terá o apoio da sociedade","Líder Arthur Virgílio garante que o Estatuto do Desarmamento terá o apoio da sociedade. Início - Acompanhe - Rádio PSDB - Líder Arthur Virgílio garante que o Estatuto do Desarmamento terá o apoio da sociedade Líder Arthur Virgílio garante que o Estatuto do Desarmamento terá o apoio da sociedade facebook twitter whatsapp google facebook twitter whatsapp google Rádio PSDB - 10/12/2003 Ouça facebook twitter whatsapp google mais lidas Notícias PSDB moderniza sua marca 1 Notícias Esclarecimento sobre decisão judicial relacionada à Executiva Nacional do PSDB 2 Notícias Lançamento de documentário cel","neutro",0.22825923562049866,""
"n0411","PSDB","Audiência discutirá Estatuto do Desarmamento a pedido de João Campos | PSDB – Partido da Social Democracia Brasileira","Audiência discutirá Estatuto do Desarmamento a pedido de João Campos | PSDB – Partido da Social Democracia Brasileira. Audiência discutirá Estatuto do Desarmamento a pedido de João Campos A pedido do deputado João Campos (GO), a Comissão de Segurança Pública e Combate ao Crime Organizado (CSPCCO) irá realizar audiência pública para debater projetos de lei em tramitação na comissão que alteram o Estatuto do Desarmamento. O colegiado aprovou requerimento do tucano com esse intuito nessa terça-feira (5). Brasília – A pedido do deputado João Campos (GO), a Comissão de Segurança Pública e Combate a","favorável",0.20510002970695496,""
