atributos,modelo,PR_AUC,PR_AUC_sd,ROC_AUC,bal_acc,MCC
A. só deputado (DEP),Regressão logística,0.0670897867633219,0.0067333679266613775,0.4138248847926267,0.44884792626728115,-0.055219263599266176
A. só deputado (DEP),Random Forest,0.10332581121513881,0.02101221407854785,0.46420890937019965,0.5168970814132103,0.043323363224148245
A. só deputado (DEP),Gradient Boosting,0.07200868376965201,0.016040125448791517,0.41052227342549913,0.4913978494623656,-0.034545204586701204
B. só partido (PARTY),Regressão logística,0.1345666097624646,0.015729192385692897,0.7039170506912442,0.712826420890937,0.21887132876814602
B. só partido (PARTY),Random Forest,0.35072096462026725,0.060690788012537786,0.7409370199692781,0.6094470046082948,0.13662909941896667
B. só partido (PARTY),Gradient Boosting,0.33781293002131185,0.02905524099426885,0.6996927803379415,0.6517665130568355,0.42271346664935905
C. texto completo (DEP+PARTY+GAP),Regressão logística,0.11084683723059559,0.018125699280096955,0.5576036866359446,0.5434715821812597,0.05145498585050776
C. texto completo (DEP+PARTY+GAP),Random Forest,0.10683330682478606,0.013534251198876213,0.6394777265745007,0.48225806451612907,-0.04996433690231538
C. texto completo (DEP+PARTY+GAP),Gradient Boosting,0.08535699083634198,0.01647656427653226,0.5153609831029186,0.4849462365591398,-0.04557865659774892
D. texto + metadado (C+META),Regressão logística,0.10855069019748251,0.024584729255226374,0.5529953917050692,0.5026113671274961,0.003259655172657303
D. texto + metadado (C+META),Random Forest,0.10931283468951358,0.01159396229266149,0.6459293394777265,0.4774193548387097,-0.056803324835359034
D. texto + metadado (C+META),Gradient Boosting,0.07508905578892054,0.013250770405158483,0.4809523809523809,0.4833333333333333,-0.04855167640133714
