deputy_id,party_n,deputy_name,dep_n,dep_soft,dep_pfav,dep_pcon,dep_pneu,dep_conf,dep_s_std,n_fav,n_con,n_neu,frac_party_voice,ref_index,n_events,dep_index,dep_share_fav,dep_share_con,dep_share_neu,dep_position,party_n_rel,party_n_total,party_index,party_soft,party_fav_total,party_fav_rel,party_con_rel,party_rel_rate,party_sd,party_pfav,party_pcon,party_pneu,party_position_txt,party_position,gap,abs_gap,z,js,align_code,align_txt
4931,PSDB,Izalci,1,0.20318955,0.4920938,0.28890425,0.2190019,0.4920938,0.0,1,0,0,1.0,1.0,1,0.10159477591514587,1.0,0.0,0.0,0,48.0,54.0,0.05895458,0.065095685,0.12962962962962962,0.14583333333333334,0.020833333333333332,0.8888888888888888,0.07668927311897278,0.27281055,0.20771484,0.5194747,Neutra/Mista,0.0,0.04264019429683685,0.04264019429683685,1.3809385895729065,0.2705617642796461,0.25,parcial (um lado neutro)
68720,UNIÃO,Fábio Henrique,1,0.20510006,0.42561293,0.22051287,0.35387415,0.42561293,0.0,1,0,0,0.0,1.0,1,0.10255002975463867,1.0,0.0,0.0,0,,,,,,,,,,,,,sem dados,,,,,,,
73433,PT,Arlindo Chinaglia,1,0.38978964,0.5684116,0.17862196,0.25296643,0.5684116,0.0,1,0,0,0.0,0.0,1,0.19489482045173645,1.0,0.0,0.0,1,64.0,71.0,0.080226,0.086493656,0.056338028169014086,0.0625,0.03125,0.9014084507042254,0.10064465552568436,0.28835273,0.2018591,0.5097882,Neutra/Mista,0.0,0.1146688237786293,0.1146688237786293,3.0135327939561884,0.2568094535053881,0.25,parcial (um lado neutro)
73466,CIDADANIA,Rubens Bueno,1,0.12837929,0.3835218,0.2551425,0.3613357,0.3835218,0.0,1,0,0,0.0,1.0,1,0.06418964266777039,1.0,0.0,0.0,0,22.0,22.0,0.082386054,0.10111015,0.13636363636363635,0.13636363636363635,0.0,1.0,0.08324699103832245,0.29662004,0.19550987,0.5078701,Neutra/Mista,0.0,-0.018196411430835724,0.018196411430835724,0.2726913243532181,0.1257882267015805,0.25,parcial (um lado neutro)
73482,PT,Henrique Fontana,1,0.01055795,0.32942975,0.3188718,0.3516985,0.3516985,0.0,0,0,1,0.0,-1.0,1,0.005278974771499634,0.0,0.0,1.0,0,64.0,71.0,0.080226,0.086493656,0.056338028169014086,0.0625,0.03125,0.9014084507042254,0.10064465552568436,0.28835273,0.2018591,0.5097882,Neutra/Mista,0.0,-0.07494702190160751,0.07494702190160751,-0.7544931829674755,0.14516785462852952,0.25,parcial (um lado neutro)
73486,PDT,Pompeo de Mattos,4,0.15982103,0.39329213,0.23347108,0.37323678,0.41840655,0.057306852,2,0,2,0.0,1.0,4,0.12785682678222657,0.5,0.0,0.5,0,40.0,44.0,0.075867385,0.085350804,0.13636363636363635,0.15,0.025,0.9090909090909091,0.09508273750543594,0.27721527,0.19186445,0.5309203,Neutra/Mista,0.0,0.05198944211006165,0.05198944211006165,0.7447022944688797,0.13683562283111408,0.25,parcial (um lado neutro)
73531,PSOL,Ivan Valente,3,0.06978623,0.3870704,0.31728414,0.29564545,0.3870704,0.0505218,3,0,0,0.3333333333333333,-1.0,3,0.052339671179652214,1.0,0.0,0.0,0,65.0,71.0,0.032485507,0.034984395,0.11267605633802817,0.12307692307692308,0.046153846153846156,0.9154929577464789,0.08231221139431,0.27375746,0.23877306,0.48746946,Neutra/Mista,0.0,0.019854163751006126,0.019854163751006126,0.3480183333158493,0.16785366706807964,0.25,parcial (um lado neutro)
73579,DEM,Alberto Fraga,2,0.16251291,0.43909323,0.27658033,0.28432637,0.43909323,0.08486004,2,0,0,0.0,1.0,2,0.1083419422308604,1.0,0.0,0.0,0,,,,,,,,,,,,,sem dados,,,,,,,
73579,PL,Alberto Fraga,4,0.19958967,0.4338945,0.23430482,0.33180067,0.4338945,0.04022884,4,0,0,0.0,1.0,4,0.15967173576354982,1.0,0.0,0.0,1,7.0,12.0,0.05378888,0.09220951,0.0,0.0,0.0,0.5833333333333334,0.04140976816415787,0.25670853,0.16449903,0.57879245,Neutra/Mista,0.0,0.1058828540146351,0.1058828540146351,1.0738015919923782,0.21325896883681655,0.25,parcial (um lado neutro)
73701,PT,Benedita da Silva,2,0.011448681,0.35721985,0.34577116,0.297009,0.35721985,0.0,2,0,0,0.0,-1.0,2,0.00763245423634847,1.0,0.0,0.0,0,64.0,71.0,0.080226,0.086493656,0.056338028169014086,0.0625,0.03125,0.9014084507042254,0.10064465552568436,0.28835273,0.2018591,0.5097882,Neutra/Mista,0.0,-0.07259354243675868,0.07259354243675868,-0.7456429185707125,0.19219210426223765,0.25,parcial (um lado neutro)
73801,PCdoB,Renildo Calheiros,2,-0.012213662,0.37245566,0.3846693,0.24287501,0.39060062,0.034049027,1,1,0,0.0,-1.0,2,-0.008142441511154175,0.5,0.5,0.0,0,110.0,118.0,0.07873905,0.0823181,0.0423728813559322,0.045454545454545456,0.0,0.9322033898305084,0.06998346000909805,0.23977357,0.15745549,0.6027709,Neutra/Mista,0.0,-0.08688148856163025,0.08688148856163025,-0.9453175961971283,0.32082587338153684,0.25,parcial (um lado neutro)
73943,PCdoB,Perpétua Almeida,2,0.098954976,0.40199566,0.30304068,0.2949637,0.40199566,0.0,2,0,0,0.0,-1.0,2,0.065969983736674,1.0,0.0,0.0,0,110.0,118.0,0.07873905,0.0823181,0.0423728813559322,0.045454545454545456,0.0,0.9322033898305084,0.06998346000909805,0.23977357,0.15745549,0.6027709,Neutra/Mista,0.0,-0.012769063313802079,0.012769063313802079,0.1663687825202942,0.2658724076977164,0.25,parcial (um lado neutro)
74041,PT,Luiz Couto,1,0.12837929,0.3835218,0.2551425,0.3613357,0.3835218,0.0,1,0,0,0.0,-1.0,1,0.06418964266777039,1.0,0.0,0.0,0,64.0,71.0,0.080226,0.086493656,0.056338028169014086,0.0625,0.03125,0.9014084507042254,0.10064465552568436,0.28835273,0.2018591,0.5097882,Neutra/Mista,0.0,-0.01603635400533676,0.01603635400533676,0.41617340809133824,0.12764560261363317,0.25,parcial (um lado neutro)
74057,PCdoB,Alice Portugal,2,0.16325365,0.39537513,0.23212148,0.37250334,0.39537513,0.0,2,0,0,1.0,-1.0,2,0.10883576671282451,1.0,0.0,0.0,0,110.0,118.0,0.07873905,0.0823181,0.0423728813559322,0.045454545454545456,0.0,0.9322033898305084,0.06998346000909805,0.23977357,0.15745549,0.6027709,Neutra/Mista,0.0,0.030096719662348434,0.030096719662348434,0.8093555271625519,0.19717638560698555,0.25,parcial (um lado neutro)
74060,PCdoB,Daniel Almeida,2,0.03219396,0.3699729,0.33777896,0.29224813,0.3699729,0.02819991,2,0,0,0.0,-1.0,2,0.021462639172871906,1.0,0.0,0.0,0,110.0,118.0,0.07873905,0.0823181,0.0423728813559322,0.045454545454545456,0.0,0.9322033898305084,0.06998346000909805,0.23977357,0.15745549,0.6027709,Neutra/Mista,0.0,-0.05727640787760417,0.05727640787760417,-0.5012413859367371,0.27205928410678165,0.25,parcial (um lado neutro)
74161,PT,Reginaldo Lopes,1,0.04278332,0.2934652,0.25068188,0.45585287,0.45585287,0.0,0,0,1,0.0,-1.0,1,0.02139165997505188,0.0,0.0,1.0,0,64.0,71.0,0.080226,0.086493656,0.056338028169014086,0.0625,0.03125,0.9014084507042254,0.10064465552568436,0.28835273,0.2018591,0.5097882,Neutra/Mista,0.0,-0.05883433669805527,0.05883433669805527,-0.43430359874379426,0.05483385074206558,0.25,parcial (um lado neutro)
74171,PSOL,Chico Alencar,2,0.146324,0.4324777,0.2861537,0.28136864,0.4324777,0.07227833,2,0,0,0.0,-1.0,2,0.09754932920138042,1.0,0.0,0.0,0,65.0,71.0,0.032485507,0.034984395,0.11267605633802817,0.12307692307692308,0.046153846153846156,0.9154929577464789,0.08231221139431,0.27375746,0.23877306,0.48746946,Neutra/Mista,0.0,0.06506382177273433,0.06506382177273433,1.1133959889411926,0.18626159823449012,0.25,parcial (um lado neutro)
74398,PT,Maria do Rosário,3,-0.008996497,0.40021816,0.40921465,0.19056724,0.48686054,0.20952117,1,2,0,0.0,-1.0,3,-0.00674737268127501,0.3333333333333333,0.6666666666666666,0.0,0,64.0,71.0,0.080226,0.086493656,0.056338028169014086,0.0625,0.03125,0.9014084507042254,0.10064465552568436,0.28835273,0.2018591,0.5097882,Neutra/Mista,0.0,-0.08697336935438216,0.08697336935438216,-0.9487851059241591,0.29485284026707437,0.25,parcial (um lado neutro)
74399,DEM,Onyx Lorenzoni,1,0.23827744,0.494461,0.25618356,0.24935545,0.494461,0.0,1,0,0,0.0,1.0,1,0.11913871765136719,1.0,0.0,0.0,0,,,,,,,,,,,,,sem dados,,,,,,,
74571,PT,Nelson Pellegrino,2,0.009599179,0.29951122,0.28991205,0.41057676,0.41057676,0.0,0,0,2,0.0,-1.0,2,0.0063994526863098145,0.0,0.0,1.0,0,64.0,71.0,0.080226,0.086493656,0.056338028169014086,0.0625,0.03125,0.9014084507042254,0.10064465552568436,0.28835273,0.2018591,0.5097882,Neutra/Mista,0.0,-0.07382654398679733,0.07382654398679733,-0.7640194763262904,0.09827701156717958,0.25,parcial (um lado neutro)
74848,PCdoB,Jandira Feghali,3,0.17403692,0.47966406,0.30562714,0.21470885,0.47966406,0.03420537,3,0,0,0.3333333333333333,-0.3333333333333333,3,0.13052769005298615,1.0,0.0,0.0,0,110.0,118.0,0.07873905,0.0823181,0.0423728813559322,0.045454545454545456,0.0,0.9322033898305084,0.06998346000909805,0.23977357,0.15745549,0.6027709,Neutra/Mista,0.0,0.05178864300251007,0.05178864300251007,0.9171882271766663,0.3405989275807268,0.25,parcial (um lado neutro)
74856,PSD,Laura Carneiro,1,0.078779474,0.3200345,0.24125503,0.4387105,0.4387105,0.0,0,0,1,0.0,1.0,1,0.03938973695039749,0.0,0.0,1.0,0,51.0,58.0,0.10395701,0.11414888,0.1206896551724138,0.13725490196078433,0.0,0.8793103448275862,0.10112366080284119,0.31047958,0.19633071,0.49318975,Neutra/Mista,0.0,-0.06456727534532547,0.06456727534532547,-0.34976387701446476,0.05355356224755414,0.25,parcial (um lado neutro)
76874,PSOL,Marcelo Freixo,4,-0.0018650964,0.358515,0.36038008,0.28110486,0.4368044,0.18331559,2,2,0,0.5,-1.0,4,-0.001492077112197876,0.5,0.5,0.0,0,65.0,71.0,0.032485507,0.034984395,0.11267605633802817,0.12307692307692308,0.046153846153846156,0.9154929577464789,0.08231221139431,0.27375746,0.23877306,0.48746946,Neutra/Mista,0.0,-0.033977584540843965,0.033977584540843965,-0.368494912981987,0.18250127050310908,0.25,parcial (um lado neutro)
81297,PSL,Dra. Soraya Manato,1,0.14763393,0.35754657,0.20991264,0.4325408,0.4325408,0.0,0,0,1,0.0,1.0,1,0.07381696254014969,0.0,0.0,1.0,0,,,,,,,,,,,,,sem dados,,,,,,,
90842,PTB,Santini,4,0.08137219,0.4137071,0.33233494,0.253958,0.4137071,0.046535622,4,0,0,0.0,1.0,4,0.06509774923324585,1.0,0.0,0.0,0,,,,,,,,,,,,,sem dados,,,,,,,
98615,PSD,Ismael,2,0.24424969,0.47684288,0.23259321,0.29056394,0.47684288,0.019274449,2,0,0,0.0,0.5,2,0.16283312439918518,1.0,0.0,0.0,1,51.0,58.0,0.10395701,0.11414888,0.1206896551724138,0.13725490196078433,0.0,0.8793103448275862,0.10112366080284119,0.31047958,0.19633071,0.49318975,Neutra/Mista,0.0,0.05887611210346222,0.05887611210346222,1.2865516878579089,0.1816376708123795,0.25,parcial (um lado neutro)
118384,PMN,Dr. Carlos Alberto,1,0.18477765,0.44750288,0.26272523,0.28977188,0.44750288,0.0,1,0,0,1.0,1.0,1,0.0923888236284256,1.0,0.0,0.0,0,,,,,,,,,,,,,sem dados,,,,,,,
132504,PT,Enio Verri,3,0.08163788,0.3755672,0.2939293,0.3305035,0.40276507,0.14136267,2,1,0,0.6666666666666666,-1.0,3,0.06122841127216816,0.6666666666666666,0.3333333333333333,0.0,0,64.0,71.0,0.080226,0.086493656,0.056338028169014086,0.0625,0.03125,0.9014084507042254,0.10064465552568436,0.28835273,0.2018591,0.5097882,Neutra/Mista,0.0,-0.018997585400938988,0.018997585400938988,-0.04824671829468955,0.15572409729132758,0.25,parcial (um lado neutro)
134812,PSOL,Edmilson Rodrigues,3,0.15589516,0.36427513,0.20837998,0.42734492,0.4498484,0.018899744,1,0,2,0.0,-1.0,3,0.11692136898636818,0.3333333333333333,0.0,0.6666666666666666,0,65.0,71.0,0.032485507,0.034984395,0.11267605633802817,0.12307692307692308,0.046153846153846156,0.9154929577464789,0.08231221139431,0.27375746,0.23877306,0.48746946,Neutra/Mista,0.0,0.08443586155772209,0.08443586155772209,1.2091076374053955,0.08257916008123795,0.25,parcial (um lado neutro)
136811,PP,Afonso Hamm,2,0.1662058,0.4025247,0.23631895,0.36115634,0.44002184,0.026264578,1,0,1,0.5,1.0,2,0.11080386241277058,0.5,0.0,0.5,0,,,,,,,,,,,,,sem dados,,,,,,,
139285,PSB,Lídice da Mata,1,0.36964065,0.6196845,0.25004387,0.13027158,0.6196845,0.0,1,0,0,0.0,-1.0,1,0.18482032418251038,1.0,0.0,0.0,1,59.0,74.0,0.06376115,0.06916464,0.05405405405405406,0.06779661016949153,0.01694915254237288,0.7972972972972973,0.09124596416950226,0.27457696,0.2054123,0.5200107,Neutra/Mista,0.0,0.12105917185544968,0.12105917185544968,3.0047601461410522,0.3756093272917389,0.25,parcial (um lado neutro)
141400,PDT,Vieira da Cunha,1,0.15428835,0.46092302,0.30663466,0.23244232,0.46092302,0.0,1,0,0,1.0,1.0,1,0.07714417576789856,1.0,0.0,0.0,0,40.0,44.0,0.075867385,0.085350804,0.13636363636363635,0.15,0.025,0.9090909090909091,0.09508273750543594,0.27721527,0.19186445,0.5309203,Neutra/Mista,0.0,0.0012767910957336426,0.0012767910957336426,0.6893754750490189,0.2636632839573713,0.25,parcial (um lado neutro)
141422,DEM,Efraim Filho,1,0.19743249,0.47815108,0.2807186,0.2411304,0.47815108,0.0,1,0,0,1.0,1.0,1,0.09871624410152435,1.0,0.0,0.0,0,,,,,,,,,,,,,sem dados,,,,,,,
141423,PSD,Eliene Lima,1,0.21399838,0.4440783,0.23007992,0.32584175,0.4440783,0.0,1,0,0,0.0,1.0,1,0.10699918866157532,1.0,0.0,0.0,0,51.0,58.0,0.10395701,0.11414888,0.1206896551724138,0.13725490196078433,0.0,0.8793103448275862,0.10112366080284119,0.31047958,0.19633071,0.49318975,Neutra/Mista,0.0,0.003042176365852356,0.003042176365852356,0.9873999711771992,0.1481925403208447,0.25,parcial (um lado neutro)
141470,PT,José Guimarães,1,0.4017308,0.58582485,0.18409404,0.2300811,0.58582485,0.0,1,0,0,0.0,-1.0,1,0.20086540281772614,1.0,0.0,0.0,1,64.0,71.0,0.080226,0.086493656,0.056338028169014086,0.0625,0.03125,0.9014084507042254,0.10064465552568436,0.28835273,0.2018591,0.5097882,Neutra/Mista,0.0,0.12063940614461899,0.12063940614461899,3.132179874339452,0.2768531061257466,0.25,parcial (um lado neutro)
141488,PT,Paulo Teixeira,1,0.012963623,0.4044901,0.3915265,0.20398338,0.4044901,0.0,1,0,0,0.0,-1.0,1,0.0064818114042282104,1.0,0.0,0.0,0,64.0,71.0,0.080226,0.086493656,0.056338028169014086,0.0625,0.03125,0.9014084507042254,0.10064465552568436,0.28835273,0.2018591,0.5097882,Neutra/Mista,0.0,-0.07374418526887894,0.07374418526887894,-0.7305905400214402,0.2795120451601637,0.25,parcial (um lado neutro)
141500,PSD,Marcos Montes,1,0.15862077,0.47386557,0.3152448,0.2108896,0.47386557,0.0,1,0,0,0.0,1.0,1,0.07931038737297058,1.0,0.0,0.0,0,51.0,58.0,0.10395701,0.11414888,0.1206896551724138,0.13725490196078433,0.0,0.8793103448275862,0.10112366080284119,0.31047958,0.19633071,0.49318975,Neutra/Mista,0.0,-0.02464662492275238,0.02464662492275238,0.43977736596734535,0.2538146874123243,0.25,parcial (um lado neutro)
152605,PSOL,Glauber Braga,2,0.032965884,0.34295785,0.30999196,0.3470502,0.3984906,0.03304551,1,0,1,0.0,-1.0,2,0.02197725574175517,0.5,0.0,0.5,0,65.0,71.0,0.032485507,0.034984395,0.11267605633802817,0.12307692307692308,0.046153846153846156,0.9154929577464789,0.08231221139431,0.27375746,0.23877306,0.48746946,Neutra/Mista,0.0,-0.010508251686890919,0.010508251686890919,-0.020185112953186035,0.12129322431283301,0.25,parcial (um lado neutro)
156190,NOVO,Marcel van Hattem,5,0.3562377,0.52354115,0.16730341,0.30915546,0.52354115,0.100997224,5,0,0,0.8,1.0,5,0.2968647579352061,1.0,0.0,0.0,1,29.0,30.0,0.12885697,0.15107368,0.23333333333333334,0.2413793103448276,0.034482758620689655,0.9666666666666667,0.12078655511140823,0.3369463,0.18587264,0.47718105,Neutra/Mista,0.0,0.16800778607527417,0.16800778607527417,1.6985667817502388,0.1676684326811287,0.25,parcial (um lado neutro)
160511,PSB,Alessandro Molon,1,0.56648326,0.69988114,0.13339789,0.16672097,0.69988114,0.0,1,0,0,0.0,-1.0,1,0.2832416296005249,1.0,0.0,0.0,1,59.0,74.0,0.06376115,0.06916464,0.05405405405405406,0.06779661016949153,0.01694915254237288,0.7972972972972973,0.09124596416950226,0.27457696,0.2054123,0.5200107,Neutra/Mista,0.0,0.2194804772734642,0.2194804772734642,4.973186254501343,0.3789745249862344,0.25,parcial (um lado neutro)
160538,PT,Bohn Gass,1,0.3226856,0.54096663,0.21828103,0.24075232,0.54096663,0.0,1,0,0,0.0,-1.0,1,0.1613427996635437,1.0,0.0,0.0,1,64.0,71.0,0.080226,0.086493656,0.056338028169014086,0.0625,0.03125,0.9014084507042254,0.10064465552568436,0.28835273,0.2018591,0.5097882,Neutra/Mista,0.0,0.08111680299043655,0.08111680299043655,2.3467907168460984,0.2529799302264561,0.25,parcial (um lado neutro)
160545,DEM,Alexandre Leite,2,0.12248629,0.36591703,0.24343073,0.3906522,0.3906522,0.0,0,0,2,1.0,1.0,2,0.0816575288772583,0.0,0.0,1.0,0,,,,,,,,,,,,,sem dados,,,,,,,
160559,MDB,Alceu Moreira,1,0.14763393,0.35754657,0.20991264,0.4325408,0.4325408,0.0,0,0,1,0.0,1.0,1,0.07381696254014969,0.0,0.0,1.0,0,15.0,16.0,0.11378324,0.15171099,0.3125,0.3333333333333333,0.0,0.9375,0.07852565497159958,0.33331072,0.18159978,0.48508945,Neutra/Mista,0.0,-0.03996627777814865,0.03996627777814865,-0.04077062010765076,0.04617117454005744,0.25,parcial (um lado neutro)
160575,PT,Erika Kokay,2,0.060986713,0.42366642,0.3626797,0.2136539,0.42366642,0.06791495,2,0,0,0.0,-1.0,2,0.04065780838330587,1.0,0.0,0.0,0,64.0,71.0,0.080226,0.086493656,0.056338028169014086,0.0625,0.03125,0.9014084507042254,0.10064465552568436,0.28835273,0.2018591,0.5097882,Neutra/Mista,0.0,-0.03956818828980128,0.03956818828980128,-0.25343564773561017,0.2666795372053606,0.25,parcial (um lado neutro)
160604,PT,Pedro Uczai,1,0.12248629,0.36591703,0.24343073,0.3906522,0.3906522,0.0,0,0,1,0.0,-1.0,1,0.061243146657943726,0.0,0.0,1.0,0,64.0,71.0,0.080226,0.086493656,0.056338028169014086,0.0625,0.03125,0.9014084507042254,0.10064465552568436,0.28835273,0.2018591,0.5097882,Neutra/Mista,0.0,-0.01898285001516342,0.01898285001516342,0.3576209495541888,0.10211775732383342,0.25,parcial (um lado neutro)
160651,MDB,Rogério Peninha Mendonça,2,0.103659876,0.38184062,0.27818075,0.33997864,0.38184062,0.13040632,2,0,0,0.0,1.0,2,0.06910658379395802,1.0,0.0,0.0,0,15.0,16.0,0.11378324,0.15171099,0.3125,0.3333333333333333,0.0,0.9375,0.07852565497159958,0.33331072,0.18159978,0.48508945,Neutra/Mista,0.0,-0.044676656524340316,0.044676656524340316,-0.4805111140012741,0.13346829443452485,0.25,parcial (um lado neutro)
160758,PSDB,Domingos Sávio,2,0.10900983,0.4428427,0.33383286,0.22332446,0.4428427,0.0,2,0,0,0.0,1.0,2,0.07267322142918904,1.0,0.0,0.0,0,48.0,54.0,0.05895458,0.065095685,0.12962962962962962,0.14583333333333334,0.020833333333333332,0.8888888888888888,0.07668927311897278,0.27281055,0.20771484,0.5194747,Neutra/Mista,0.0,0.01371863981088002,0.01371863981088002,0.4391414672136307,0.26304895494660824,0.25,parcial (um lado neutro)
167614,PSB,Severino Ninho,1,0.19743246,0.47815102,0.28071856,0.24113037,0.47815102,0.0,1,0,0,1.0,1.0,1,0.09871622920036316,1.0,0.0,0.0,0,59.0,74.0,0.06376115,0.06916464,0.05405405405405406,0.06779661016949153,0.01694915254237288,0.7972972972972973,0.09124596416950226,0.27457696,0.2054123,0.5200107,Neutra/Mista,0.0,0.03495507687330246,0.03495507687330246,1.282678246498108,0.24911386937052862,0.25,parcial (um lado neutro)
177282,PDT,Subtenente Gonzaga,3,0.16773109,0.46703696,0.2993059,0.23365717,0.46703696,0.13464732,3,0,0,0.0,-0.3333333333333333,3,0.1257983185350895,1.0,0.0,0.0,0,40.0,44.0,0.075867385,0.085350804,0.13636363636363635,0.15,0.025,0.9090909090909091,0.09508273750543594,0.27721527,0.19186445,0.5309203,Neutra/Mista,0.0,0.049930933862924576,0.049930933862924576,0.8238028734922409,0.2626892389802973,0.25,parcial (um lado neutro)
178829,PL,Capitão Augusto,1,0.20855644,0.50509155,0.2965351,0.19837332,0.50509155,0.0,1,0,0,1.0,1.0,1,0.10427822172641754,1.0,0.0,0.0,0,7.0,12.0,0.05378888,0.09220951,0.0,0.0,0.0,0.5833333333333334,0.04140976816415787,0.25670853,0.16449903,0.57879245,Neutra/Mista,0.0,0.05048933997750282,0.05048933997750282,1.1634693294763565,0.3372263391657385,0.25,parcial (um lado neutro)
178832,PV,Leandre,2,-0.033067882,0.34149763,0.3745655,0.28393686,0.3745655,0.0,0,2,0,0.0,-1.0,2,-0.022045254707336426,0.0,1.0,0.0,0,68.0,75.0,0.09660155,0.10370461,0.12,0.1323529411764706,0.0,0.9066666666666666,0.1041392982006073,0.28600276,0.18229814,0.5316991,Neutra/Mista,0.0,-0.11864680796861649,0.11864680796861649,-1.3133609113035813,0.231935061864159,0.25,parcial (um lado neutro)
178835,PDT,Afonso Motta,2,0.008596659,0.2682316,0.25963494,0.4721335,0.4721335,0.0,0,0,2,0.0,0.0,2,0.005731105804443359,0.0,0.0,1.0,0,40.0,44.0,0.075867385,0.085350804,0.13636363636363635,0.15,0.025,0.9090909090909091,0.09508273750543594,0.27721527,0.19186445,0.5309203,Neutra/Mista,0.0,-0.07013627886772156,0.07013627886772156,-0.7675414532423019,0.07056611274386979,0.25,parcial (um lado neutro)
178850,MDB,Marcos Rotta,1,0.2790961,0.46789095,0.18879485,0.34331423,0.46789095,0.0,1,0,0,1.0,1.0,1,0.13954804837703705,1.0,0.0,0.0,0,15.0,16.0,0.11378324,0.15171099,0.3125,0.3333333333333333,0.0,0.9375,0.07852565497159958,0.33331072,0.18159978,0.48508945,Neutra/Mista,0.0,0.02576480805873871,0.02576480805873871,1.2738510966300964,0.13052591783903864,0.25,parcial (um lado neutro)
178857,PT,Jorge Solla,3,0.10205916,0.41460618,0.312547,0.27284682,0.41460618,0.009444885,3,0,0,0.0,-1.0,3,0.07654437236487865,1.0,0.0,0.0,0,64.0,71.0,0.080226,0.086493656,0.056338028169014086,0.0625,0.03125,0.9014084507042254,0.10064465552568436,0.28835273,0.2018591,0.5097882,Neutra/Mista,0.0,-0.0036816243082284927,0.0036816243082284927,0.15465805941341088,0.20775887197573864,0.25,parcial (um lado neutro)
178863,PROS,Uldurico Junior,1,-0.02792427,0.28837937,0.31630364,0.395317,0.395317,0.0,0,0,1,0.0,-1.0,1,-0.013962134718894958,0.0,0.0,1.0,0,,,,,,,,,,,,,sem dados,,,,,,,
178873,PT,Helder Salomão,2,0.2483531,0.5153694,0.26701635,0.2176142,0.5153694,0.014249091,2,0,0,0.0,-1.0,2,0.16556872924168906,1.0,0.0,0.0,1,64.0,71.0,0.080226,0.086493656,0.056338028169014086,0.0625,0.03125,0.9014084507042254,0.10064465552568436,0.28835273,0.2018591,0.5097882,Neutra/Mista,0.0,0.08534273256858191,0.08534273256858191,1.6082268549470005,0.2650802877936298,0.25,parcial (um lado neutro)
178884,MDB,Hildo Rocha,1,0.19587107,0.4064614,0.21059032,0.38294828,0.4064614,0.0,1,0,0,0.0,1.0,1,0.09793553501367569,1.0,0.0,0.0,0,15.0,16.0,0.11378324,0.15171099,0.3125,0.3333333333333333,0.0,0.9375,0.07852565497159958,0.33331072,0.18159978,0.48508945,Neutra/Mista,0.0,-0.01584770530462265,0.01584770530462265,0.44160082936286926,0.08793034803297788,0.25,parcial (um lado neutro)
178893,PL,Delegado Edson Moreira,5,0.116752245,0.36387405,0.24712181,0.38900414,0.45192862,0.08247853,3,0,2,0.0,1.0,5,0.09729353711009026,0.6,0.0,0.4,0,7.0,12.0,0.05378888,0.09220951,0.0,0.0,0.0,0.5833333333333334,0.04140976816415787,0.25670853,0.16449903,0.57879245,Neutra/Mista,0.0,0.04350465536117554,0.04350465536117554,0.24542734026908875,0.16199259842446734,0.25,parcial (um lado neutro)
178908,PL,Delegado Éder Mauro,1,0.061812967,0.42399633,0.36218336,0.2138203,0.42399633,0.0,1,0,0,0.0,1.0,1,0.03090648353099823,1.0,0.0,0.0,0,7.0,12.0,0.05378888,0.09220951,0.0,0.0,0.0,0.5833333333333334,0.04140976816415787,0.25670853,0.16449903,0.57879245,Neutra/Mista,0.0,-0.02288239821791649,0.02288239821791649,-0.3039654344320297,0.32460852729674045,0.25,parcial (um lado neutro)
178916,CIDADANIA,Daniel Coelho,3,0.09736335,0.42219552,0.32483217,0.25297228,0.4342922,0.12961315,2,1,0,0.0,-1.0,3,0.0730225145816803,0.6666666666666666,0.3333333333333333,0.0,0,22.0,22.0,0.082386054,0.10111015,0.13636363636363635,0.13636363636363635,0.0,1.0,0.08324699103832245,0.29662004,0.19550987,0.5078701,Neutra/Mista,0.0,-0.009363539516925812,0.009363539516925812,-0.03746800124645233,0.22599046114473947,0.25,parcial (um lado neutro)
178922,PSB,Tadeu Alencar,2,0.10586199,0.4300549,0.3241929,0.24575226,0.4300549,0.0,2,0,0,0.0,-1.0,2,0.07057466109593709,1.0,0.0,0.0,0,59.0,74.0,0.06376115,0.06916464,0.05405405405405406,0.06779661016949153,0.01694915254237288,0.7972972972972973,0.09124596416950226,0.27457696,0.2054123,0.5200107,Neutra/Mista,0.0,0.006813508768876389,0.006813508768876389,0.36697350442409515,0.24164669320536492,0.25,parcial (um lado neutro)
178947,PL,Sóstenes Cavalcante,1,0.4158528,0.55060613,0.13475333,0.31464055,0.55060613,0.0,1,0,0,0.0,1.0,1,0.20792639255523682,1.0,0.0,0.0,1,7.0,12.0,0.05378888,0.09220951,0.0,0.0,0.0,0.5833333333333334,0.04140976816415787,0.25670853,0.16449903,0.57879245,Neutra/Mista,0.0,0.1541375108063221,0.1541375108063221,3.236432671546936,0.2629676560671942,0.25,parcial (um lado neutro)
178970,PT,João Daniel,2,0.029514879,0.3417974,0.31228253,0.34592003,0.37602547,0.025549462,1,0,1,0.5,-1.0,2,0.019676585992177326,0.5,0.0,0.5,0,64.0,71.0,0.080226,0.086493656,0.056338028169014086,0.0625,0.03125,0.9014084507042254,0.10064465552568436,0.28835273,0.2018591,0.5097882,Neutra/Mista,0.0,-0.060549410680929824,0.060549410680929824,-0.5661381297731313,0.14712563140359558,0.25,parcial (um lado neutro)
178987,PCdoB,Orlando Silva,1,-0.037226796,0.38444838,0.42167518,0.19387636,0.42167518,0.0,0,1,0,0.0,-1.0,1,-0.01861339807510376,0.0,1.0,0.0,0,110.0,118.0,0.07873905,0.0823181,0.0423728813559322,0.045454545454545456,0.0,0.9322033898305084,0.06998346000909805,0.23977357,0.15745549,0.6027709,Neutra/Mista,0.0,-0.09735244512557983,0.09735244512557983,-1.1954489350318909,0.36981239284991985,0.25,parcial (um lado neutro)
179587,PSL,Vitor Hugo,2,0.33207983,0.55671567,0.22463582,0.21864854,0.55671567,0.0,2,0,0,0.0,1.0,2,0.22138655185699463,1.0,0.0,0.0,1,,,,,,,,,,,,,sem dados,,,,,,,
204352,PSB,Camilo Capiberibe,3,0.1402527,0.39355186,0.25329918,0.35314894,0.40097478,0.11231894,2,0,1,0.0,-1.0,3,0.10518952086567879,0.6666666666666666,0.0,0.3333333333333333,0,59.0,74.0,0.06376115,0.06916464,0.05405405405405406,0.06779661016949153,0.01694915254237288,0.7972972972972973,0.09124596416950226,0.27457696,0.2054123,0.5200107,Neutra/Mista,0.0,0.04142836853861809,0.04142836853861809,0.7108805328607559,0.14512238403842515,0.25,parcial (um lado neutro)
204355,PP,Da Vitoria,1,0.21353388,0.517146,0.3036121,0.17924193,0.517146,0.0,1,0,0,0.0,1.0,1,0.10676693916320801,1.0,0.0,0.0,0,,,,,,,,,,,,,sem dados,,,,,,,
204363,PSC,Osires Damaso,2,0.05827394,0.39972112,0.34144717,0.25883174,0.39972112,0.0,2,0,0,0.0,1.0,2,0.03884929418563843,1.0,0.0,0.0,0,,,,,,,,,,,,,sem dados,,,,,,,
204364,SOLIDARIEDADE,Eli Borges,2,0.24773093,0.45641762,0.2086867,0.33489567,0.45641762,0.0,2,0,0,0.0,-1.0,2,0.16515395045280457,1.0,0.0,0.0,1,5.0,5.0,0.038511623,0.077023245,0.0,0.0,0.0,1.0,0.01945611834526062,0.25631586,0.1792926,0.5643915,Neutra/Mista,0.0,0.12664232775568962,0.12664232775568962,1.7070767283439636,0.20664024570993428,0.25,parcial (um lado neutro)
204365,NOVO,Gilson Marques,1,0.4328758,0.63124204,0.19836624,0.17039178,0.63124204,0.0,1,0,0,0.0,1.0,1,0.2164379060268402,1.0,0.0,0.0,1,29.0,30.0,0.12885697,0.15107368,0.23333333333333334,0.2413793103448276,0.034482758620689655,0.9666666666666667,0.12078655511140823,0.3369463,0.18587264,0.47718105,Neutra/Mista,0.0,0.08758093416690826,0.08758093416690826,2.333058655117968,0.2958205228744338,0.25,parcial (um lado neutro)
204370,PT,Célio Moura,1,0.011448681,0.35721985,0.34577116,0.297009,0.35721985,0.0,1,0,0,0.0,-1.0,1,0.0057243406772613525,1.0,0.0,0.0,0,64.0,71.0,0.080226,0.086493656,0.056338028169014086,0.0625,0.03125,0.9014084507042254,0.10064465552568436,0.28835273,0.2018591,0.5097882,Neutra/Mista,0.0,-0.0745016559958458,0.0745016559958458,-0.7456429185707125,0.19219210426223765,0.25,parcial (um lado neutro)
204374,PL,Bia Kicis,2,0.12946586,0.33617875,0.20671289,0.45710832,0.45710832,0.12258763,0,0,2,0.5,1.0,2,0.08631057540575664,0.0,0.0,1.0,0,7.0,12.0,0.05378888,0.09220951,0.0,0.0,0.0,0.5833333333333334,0.04140976816415787,0.25670853,0.16449903,0.57879245,Neutra/Mista,0.0,0.03252169365684192,0.03252169365684192,0.37256352603435516,0.10371134079752642,0.25,parcial (um lado neutro)
204378,PL,Coronel Chrisóstomo,1,0.32137376,0.49909666,0.17772292,0.32318047,0.49909666,0.0,1,0,0,0.0,1.0,1,0.16068688035011292,1.0,0.0,0.0,1,7.0,12.0,0.05378888,0.09220951,0.0,0.0,0.0,0.5833333333333334,0.04140976816415787,0.25670853,0.16449903,0.57879245,Neutra/Mista,0.0,0.1068979986011982,0.1068979986011982,2.291642427444458,0.23496961451285028,0.25,parcial (um lado neutro)
204378,PSL,Coronel Chrisóstomo,2,0.33120877,0.5377891,0.20658036,0.2556305,0.5377891,0.064883664,2,0,0,0.0,1.0,2,0.22080584367116293,1.0,0.0,0.0,1,,,,,,,,,,,,,sem dados,,,,,,,
204381,DEM,Luis Miranda,3,0.11184601,0.36235937,0.25051335,0.3871273,0.40191802,0.028636465,2,0,1,0.0,1.0,3,0.08388450555503368,0.6666666666666666,0.0,0.3333333333333333,0,,,,,,,,,,,,,sem dados,,,,,,,
204381,REPUBLICANOS,Luis Miranda,1,0.23827744,0.494461,0.25618356,0.24935545,0.494461,0.0,1,0,0,0.0,1.0,1,0.11913871765136719,1.0,0.0,0.0,0,68.0,74.0,0.13497831,0.14490318,0.25675675675675674,0.27941176470588236,0.0,0.918918918918919,0.11102753132581711,0.3221661,0.1772629,0.5005711,Neutra/Mista,0.0,-0.0158395916223526,0.0158395916223526,0.8410008869360831,0.222190793162803,0.25,parcial (um lado neutro)
204382,PL,Loester Trutis,1,0.15428835,0.46092302,0.30663466,0.23244232,0.46092302,0.0,1,0,0,0.0,1.0,1,0.07714417576789856,1.0,0.0,0.0,0,7.0,12.0,0.05378888,0.09220951,0.0,0.0,0.0,0.5833333333333334,0.04140976816415787,0.25670853,0.16449903,0.57879245,Neutra/Mista,0.0,0.02335529401898384,0.02335529401898384,0.6207884103059769,0.30339162785757023,0.25,parcial (um lado neutro)
204382,PSL,Loester Trutis,3,0.19233568,0.39912495,0.20678927,0.39408574,0.4419116,0.022108546,2,0,1,0.6666666666666666,1.0,3,0.1442517600953579,0.6666666666666666,0.0,0.3333333333333333,0,,,,,,,,,,,,,sem dados,,,,,,,
204387,PL,Sargento Fahur,1,0.21399838,0.4440783,0.23007992,0.32584175,0.4440783,0.0,1,0,0,0.0,1.0,1,0.10699918866157532,1.0,0.0,0.0,0,7.0,12.0,0.05378888,0.09220951,0.0,0.0,0.0,0.5833333333333334,0.04140976816415787,0.25670853,0.16449903,0.57879245,Neutra/Mista,0.0,0.0532103069126606,0.0532103069126606,1.217888668179512,0.21930217387337816,0.25,parcial (um lado neutro)
204388,PL,Bibo Nunes,1,0.13407171,0.40052742,0.2664557,0.33301687,0.40052742,0.0,1,0,0,0.0,1.0,1,0.06703585386276245,1.0,0.0,0.0,0,7.0,12.0,0.05378888,0.09220951,0.0,0.0,0.0,0.5833333333333334,0.04140976816415787,0.25670853,0.16449903,0.57879245,Neutra/Mista,0.0,0.013246972113847733,0.013246972113847733,0.4186219722032547,0.21075595389443263,0.25,parcial (um lado neutro)
204388,PSL,Bibo Nunes,2,0.11175633,0.3762061,0.26444978,0.35934418,0.4355441,0.04663632,1,0,1,0.0,1.0,2,0.074504221479098,0.5,0.0,0.5,0,,,,,,,,,,,,,sem dados,,,,,,,
204391,PODE,José Nelto,3,0.08873481,0.41550937,0.3267746,0.25771603,0.41550937,0.05275978,3,0,0,0.6666666666666666,-0.3333333333333333,3,0.06655110977590084,1.0,0.0,0.0,0,,,,,,,,,,,,,sem dados,,,,,,,
204394,PSB,Gervásio Maia,1,0.17791322,0.4308784,0.25296518,0.3161564,0.4308784,0.0,1,0,0,0.0,-1.0,1,0.08895660936832428,1.0,0.0,0.0,0,59.0,74.0,0.06376115,0.06916464,0.05405405405405406,0.06779661016949153,0.01694915254237288,0.7972972972972973,0.09124596416950226,0.27457696,0.2054123,0.5200107,Neutra/Mista,0.0,0.02519545704126358,0.02519545704126358,1.0874857753515244,0.18023318916919742,0.25,parcial (um lado neutro)
204395,DEM,Pedro Lupion,1,0.05827391,0.3997211,0.34144717,0.25883174,0.3997211,0.0,1,0,0,0.0,1.0,1,0.029136955738067627,1.0,0.0,0.0,0,,,,,,,,,,,,,sem dados,,,,,,,
204404,PSDB,Lucas Redecker,2,0.21399838,0.4440783,0.23007992,0.32584175,0.4440783,0.0,2,0,0,0.0,1.0,2,0.14266558488210043,1.0,0.0,0.0,0,48.0,54.0,0.05895458,0.065095685,0.12962962962962962,0.14583333333333334,0.020833333333333332,0.8888888888888888,0.07668927311897278,0.27281055,0.20771484,0.5194747,Neutra/Mista,0.0,0.08371100326379141,0.08371100326379141,1.4890268445014954,0.17735276641919115,0.25,parcial (um lado neutro)
204407,PSOL,Fernanda Melchionna,5,0.13060081,0.4127327,0.28213188,0.30513543,0.4127327,0.06918788,5,0,0,0.0,-1.0,5,0.10883400837580363,1.0,0.0,0.0,0,65.0,71.0,0.032485507,0.034984395,0.11267605633802817,0.12307692307692308,0.046153846153846156,0.9154929577464789,0.08231221139431,0.27375746,0.23877306,0.48746946,Neutra/Mista,0.0,0.07634850094715755,0.07634850094715755,0.95616415143013,0.16366364073424403,0.25,parcial (um lado neutro)
204411,PL,Filipe Barros,1,0.28790808,0.41984257,0.13193451,0.448223,0.448223,0.0,0,0,1,0.0,1.0,1,0.14395403861999512,0.0,0.0,1.0,0,7.0,12.0,0.05378888,0.09220951,0.0,0.0,0.0,0.5833333333333334,0.04140976816415787,0.25670853,0.16449903,0.57879245,Neutra/Mista,0.0,0.0901651568710804,0.0901651568710804,1.956985592842102,0.14705252640761418,0.25,parcial (um lado neutro)
204416,PL,Sanderson,2,0.10622356,0.4104005,0.30417693,0.28542256,0.4280424,0.20012164,1,1,0,0.0,1.0,2,0.07081570724646251,0.5,0.5,0.0,0,7.0,12.0,0.05378888,0.09220951,0.0,0.0,0.0,0.5833333333333334,0.04140976816415787,0.25670853,0.16449903,0.57879245,Neutra/Mista,0.0,0.01702682549754779,0.01702682549754779,0.14014050364494324,0.2545066660480489,0.25,parcial (um lado neutro)
204416,PSL,Sanderson,1,0.25787878,0.47511396,0.21723518,0.30765092,0.47511396,0.0,1,0,0,0.0,1.0,1,0.12893939018249512,1.0,0.0,0.0,0,,,,,,,,,,,,,sem dados,,,,,,,
204453,PT,Natália Bonavides,1,0.12248629,0.36591703,0.24343073,0.3906522,0.3906522,0.0,0,0,1,0.0,-1.0,1,0.061243146657943726,0.0,0.0,1.0,0,64.0,71.0,0.080226,0.086493656,0.056338028169014086,0.0625,0.03125,0.9014084507042254,0.10064465552568436,0.28835273,0.2018591,0.5097882,Neutra/Mista,0.0,-0.01898285001516342,0.01898285001516342,0.3576209495541888,0.10211775732383342,0.25,parcial (um lado neutro)
204454,PSL,Daniel Silveira,2,0.13407165,0.4005274,0.26645574,0.33301687,0.4005274,0.0,2,0,0,0.0,1.0,2,0.08938109874725342,1.0,0.0,0.0,0,,,,,,,,,,,,,sem dados,,,,,,,
204455,NOVO,Luiz Lima,1,0.060101837,0.4122594,0.35215756,0.2355831,0.4122594,0.0,1,0,0,0.0,1.0,1,0.030050918459892273,1.0,0.0,0.0,0,29.0,30.0,0.12885697,0.15107368,0.23333333333333334,0.2413793103448276,0.034482758620689655,0.9666666666666667,0.12078655511140823,0.3369463,0.18587264,0.47718105,Neutra/Mista,0.0,-0.09880605340003967,0.09880605340003967,-0.7531619916163003,0.22739308669748207,0.25,parcial (um lado neutro)
204460,PL,Carlos Jordy,2,0.24961373,0.48578262,0.23616889,0.27804852,0.48578262,0.038319115,2,0,0,0.0,0.5,2,0.16640915473302206,1.0,0.0,0.0,1,7.0,12.0,0.05378888,0.09220951,0.0,0.0,0.0,0.5833333333333334,0.04140976816415787,0.25670853,0.16449903,0.57879245,Neutra/Mista,0.0,0.11262027298410734,0.11262027298410734,1.5740421414375305,0.2635431552820244,0.25,parcial (um lado neutro)
204460,PSL,Carlos Jordy,3,0.17609197,0.38339186,0.20729987,0.40930828,0.40930828,0.017799182,0,0,3,0.0,1.0,3,0.13206897675991058,0.0,0.0,1.0,0,,,,,,,,,,,,,sem dados,,,,,,,
204461,NOVO,Paulo Ganime,2,0.16638231,0.4970524,0.3306701,0.17227751,0.4970524,0.0,2,0,0,0.0,0.0,2,0.11092154184977214,1.0,0.0,0.0,0,29.0,30.0,0.12885697,0.15107368,0.23333333333333334,0.2413793103448276,0.034482758620689655,0.9666666666666667,0.12078655511140823,0.3369463,0.18587264,0.47718105,Neutra/Mista,0.0,-0.017935430010159806,0.017935430010159806,0.12674120420582743,0.28232521220903734,0.25,parcial (um lado neutro)
204464,PSOL,Talíria Petrone,1,0.052134305,0.35760707,0.30547276,0.3369201,0.35760707,0.0,1,0,0,0.0,-1.0,1,0.026067152619361877,1.0,0.0,0.0,0,65.0,71.0,0.032485507,0.034984395,0.11267605633802817,0.12307692307692308,0.046153846153846156,0.9154929577464789,0.08231221139431,0.27375746,0.23877306,0.48746946,Neutra/Mista,0.0,-0.00641835480928421,0.00641835480928421,0.171499103307724,0.1302148581555428,0.25,parcial (um lado neutro)
204468,REDE,Joenia Wapichana,2,0.08306122,0.33742884,0.25436762,0.4082035,0.4082035,0.0,0,0,2,0.0,-1.0,2,0.0553741455078125,0.0,0.0,1.0,0,1.0,1.0,,,,,,,,,,,sem dados,,,,,,,
204472,PL,José Medeiros,1,0.18636833,0.38674182,0.20037349,0.41288468,0.41288468,0.0,0,0,1,0.0,1.0,1,0.09318416565656662,0.0,0.0,1.0,0,7.0,12.0,0.05378888,0.09220951,0.0,0.0,0.0,0.5833333333333334,0.04140976816415787,0.25670853,0.16449903,0.57879245,Neutra/Mista,0.0,0.0393952839076519,0.0393952839076519,0.9415882080793381,0.14448468380509644,0.25,parcial (um lado neutro)
204472,PODE,José Medeiros,2,0.14965665,0.44708604,0.29742938,0.25548455,0.44708604,0.0,2,0,0,0.0,1.0,2,0.09977110226949056,1.0,0.0,0.0,0,,,,,,,,,,,,,sem dados,,,,,,,
204487,PROS,Capitão Wagner,2,0.23827744,0.494461,0.25618356,0.24935545,0.494461,0.0,2,0,0,0.0,1.0,2,0.15885162353515625,1.0,0.0,0.0,1,,,,,,,,,,,,,sem dados,,,,,,,
204490,PSL,Charlles Evangelista,2,0.43272293,0.59877735,0.16605444,0.23516816,0.59877735,0.0,2,0,0,1.0,1.0,2,0.2884819507598877,1.0,0.0,0.0,1,,,,,,,,,,,,,sem dados,,,,,,,
204501,PT,Alencar Santana,1,0.18477765,0.44750288,0.26272523,0.28977188,0.44750288,0.0,1,0,0,0.0,-1.0,1,0.0923888236284256,1.0,0.0,0.0,0,64.0,71.0,0.080226,0.086493656,0.056338028169014086,0.0625,0.03125,0.9014084507042254,0.10064465552568436,0.28835273,0.2018591,0.5097882,Neutra/Mista,0.0,0.012162826955318451,0.012162826955318451,0.9765445636855631,0.19369569086631624,0.25,parcial (um lado neutro)
204508,PODE,Igor Timo,2,0.2521875,0.5233263,0.2711388,0.20553495,0.5233263,0.0,2,0,0,0.0,1.0,2,0.16812499364217123,1.0,0.0,0.0,1,,,,,,,,,,,,,sem dados,,,,,,,
204512,PSL,Delegado Marcelo Freitas,2,0.17791328,0.43087846,0.25296518,0.3161564,0.43087846,0.0,2,0,0,0.0,1.0,2,0.11860885222752889,1.0,0.0,0.0,0,,,,,,,,,,,,,sem dados,,,,,,,
204514,PSL,Coronel Tadeu,3,0.13184369,0.39974055,0.26789683,0.33236262,0.39974055,0.06344188,3,0,0,0.6666666666666666,1.0,3,0.0988827645778656,1.0,0.0,0.0,0,,,,,,,,,,,,,sem dados,,,,,,,
204520,PSL,Junio Amaral,2,-0.029284567,0.3024274,0.33171198,0.36586058,0.36586058,0.0,0,0,2,0.0,1.0,2,-0.01952304442723592,0.0,0.0,1.0,0,,,,,,,,,,,,,sem dados,,,,,,,
204528,NOVO,Adriana Ventura,2,0.2373527,0.49254203,0.2551893,0.25226867,0.49254203,0.020979395,2,0,0,0.0,0.5,2,0.15823513269424438,1.0,0.0,0.0,1,29.0,30.0,0.12885697,0.15107368,0.23333333333333334,0.2413793103448276,0.034482758620689655,0.9666666666666667,0.12078655511140823,0.3369463,0.18587264,0.47718105,Neutra/Mista,0.0,0.02937816083431244,0.02937816083431244,0.7143097974258956,0.19989731908439481,0.25,parcial (um lado neutro)
204535,PSOL,Sâmia Bomfim,2,0.044252962,0.31810218,0.27384922,0.40804857,0.40804857,0.10207402,0,0,2,0.0,-1.0,2,0.02950197458267212,0.0,0.0,1.0,0,65.0,71.0,0.032485507,0.034984395,0.11267605633802817,0.12307692307692308,0.046153846153846156,0.9154929577464789,0.08231221139431,0.27375746,0.23877306,0.48746946,Neutra/Mista,0.0,-0.0029835328459739685,0.0029835328459739685,0.09268566966056824,0.06789377732716326,0.25,parcial (um lado neutro)
204536,MISSÃO,Kim Kataguiri,1,0.21399838,0.4440783,0.23007992,0.32584175,0.4440783,0.0,1,0,0,0.0,1.0,1,0.10699918866157532,1.0,0.0,0.0,0,,,,,,,,,,,,,sem dados,,,,,,,
204548,PSL,Heitor Freire,1,0.4612344,0.61069316,0.14945877,0.23984808,0.61069316,0.0,1,0,0,0.0,1.0,1,0.2306171953678131,1.0,0.0,0.0,1,,,,,,,,,,,,,sem dados,,,,,,,
204553,AVANTE,Pastor Sargento Isidório,3,0.05816238,0.39895558,0.34079322,0.26025116,0.39895558,0.0033592873,3,0,0,0.0,-0.6666666666666666,3,0.0436217850074172,1.0,0.0,0.0,0,5.0,6.0,0.053132772,0.106265545,0.16666666666666666,0.2,0.0,0.8333333333333334,0.07701129466295242,0.34796438,0.24169883,0.4103368,Neutra/Mista,0.0,-0.009510987438261509,0.009510987438261509,-0.4810316488146782,0.13994660075854148,0.25,parcial (um lado neutro)
204555,PT,José Ricardo,2,0.13160029,0.4334784,0.3018781,0.26464352,0.4334784,0.17053606,2,0,0,0.0,-1.0,2,0.08773352702458699,1.0,0.0,0.0,0,64.0,71.0,0.080226,0.086493656,0.056338028169014086,0.0625,0.03125,0.9014084507042254,0.10064465552568436,0.28835273,0.2018591,0.5097882,Neutra/Mista,0.0,0.007507530351479844,0.007507530351479844,0.4481771462383452,0.21513203932648917,0.25,parcial (um lado neutro)
204558,PSB,Marcelo Nilo,2,0.028980702,0.32842827,0.29944757,0.37212417,0.37212417,0.08239953,0,0,2,0.0,-1.0,2,0.019320468107859295,0.0,0.0,1.0,0,59.0,74.0,0.06376115,0.06916464,0.05405405405405406,0.06779661016949153,0.01694915254237288,0.7972972972972973,0.09124596416950226,0.27457696,0.2054123,0.5200107,Neutra/Mista,0.0,-0.0444406842192014,0.0444406842192014,-0.40183939039707184,0.1302837464889389,0.25,parcial (um lado neutro)
204559,PT,Zé Neto,2,0.061813027,0.4239964,0.36218336,0.21382028,0.4239964,0.0,2,0,0,0.0,-1.0,2,0.04120868444442749,1.0,0.0,0.0,0,64.0,71.0,0.080226,0.086493656,0.056338028169014086,0.0625,0.03125,0.9014084507042254,0.10064465552568436,0.28835273,0.2018591,0.5097882,Neutra/Mista,0.0,-0.03901731222867966,0.03901731222867966,-0.24522543441264283,0.2664706778842458,0.25,parcial (um lado neutro)
204569,UNIÃO,Delegado Pablo,1,-0.035283804,0.36438337,0.39966717,0.23594944,0.39966717,0.0,0,1,0,0.0,1.0,1,-0.017641901969909668,0.0,1.0,0.0,0,,,,,,,,,,,,,sem dados,,,,,,,
204572,PL,Capitão Alberto Neto,1,0.12248629,0.36591703,0.24343073,0.3906522,0.3906522,0.0,0,0,1,0.0,1.0,1,0.061243146657943726,0.0,0.0,1.0,0,7.0,12.0,0.05378888,0.09220951,0.0,0.0,0.0,0.5833333333333334,0.04140976816415787,0.25670853,0.16449903,0.57879245,Neutra/Mista,0.0,0.007454264909029007,0.007454264909029007,0.3027678281068802,0.1604400306759875,0.25,parcial (um lado neutro)
204572,REPUBLICANOS,Capitão Alberto Neto,3,0.07929963,0.34946072,0.2701611,0.38037816,0.4081941,0.045203313,2,0,1,0.6666666666666666,1.0,3,0.05947472155094147,0.6666666666666666,0.0,0.3333333333333333,0,68.0,74.0,0.13497831,0.14490318,0.25675675675675674,0.27941176470588236,0.0,0.918918918918919,0.11102753132581711,0.3221661,0.1772629,0.5005711,Neutra/Mista,0.0,-0.07550358772277832,0.07550358772277832,-0.5908764561853777,0.1155026791780513,0.25,parcial (um lado neutro)
205865,PSD,Reinhold Stephanes Junior,2,0.14965665,0.44708604,0.29742938,0.25548455,0.44708604,0.0,2,0,0,0.0,1.0,2,0.09977110226949056,1.0,0.0,0.0,0,51.0,58.0,0.10395701,0.11414888,0.1206896551724138,0.13725490196078433,0.0,0.8793103448275862,0.10112366080284119,0.31047958,0.19633071,0.49318975,Neutra/Mista,0.0,-0.004185910026232406,0.004185910026232406,0.35113222327237814,0.21011897438357188,0.25,parcial (um lado neutro)
220526,PL,Gilvan da Federal,1,0.27670944,0.5098074,0.23309799,0.25709462,0.5098074,0.0,1,0,0,0.0,1.0,1,0.13835471868515015,1.0,0.0,0.0,0,7.0,12.0,0.05378888,0.09220951,0.0,0.0,0.0,0.5833333333333334,0.04140976816415787,0.25670853,0.16449903,0.57879245,Neutra/Mista,0.0,0.08456583693623543,0.08456583693623543,1.8449991941452026,0.2843116310119136,0.25,parcial (um lado neutro)
220527,PT,Jack Rocha,1,0.05633259,0.38640445,0.33007187,0.28352365,0.38640445,0.0,1,0,0,0.0,-1.0,1,0.02816629409790039,1.0,0.0,0.0,0,64.0,71.0,0.080226,0.086493656,0.056338028169014086,0.0625,0.03125,0.9014084507042254,0.10064465552568436,0.28835273,0.2018591,0.5097882,Neutra/Mista,0.0,-0.05205970257520676,0.05205970257520676,-0.299678782603018,0.20003972432207842,0.25,parcial (um lado neutro)
220546,PL,Rodolfo Nogueira,1,0.20510006,0.42561293,0.22051287,0.35387415,0.42561293,0.0,1,0,0,0.0,1.0,1,0.10255002975463867,1.0,0.0,0.0,0,7.0,12.0,0.05378888,0.09220951,0.0,0.0,0.0,0.5833333333333334,0.04140976816415787,0.25670853,0.16449903,0.57879245,Neutra/Mista,0.0,0.04876114800572395,0.04876114800572395,1.1289054900407791,0.194794887529971,0.25,parcial (um lado neutro)
220547,PL,Marcos Pollon,5,0.14339247,0.43380815,0.29041567,0.27577618,0.45602125,0.123581775,4,0,1,0.2,1.0,5,0.11949372788270314,0.8,0.0,0.2,0,7.0,12.0,0.05378888,0.09220951,0.0,0.0,0.0,0.5833333333333334,0.04140976816415787,0.25670853,0.16449903,0.57879245,Neutra/Mista,0.0,0.06570484613378842,0.06570484613378842,0.5118296295404434,0.26250962609407197,0.25,parcial (um lado neutro)
220552,REPUBLICANOS,Zucco,1,0.2675507,0.49293348,0.22538276,0.2816838,0.49293348,0.0,1,0,0,1.0,1.0,1,0.13377535343170166,1.0,0.0,0.0,0,68.0,74.0,0.13497831,0.14490318,0.25675675675675674,0.27941176470588236,0.0,0.918918918918919,0.11102753132581711,0.3221661,0.1772629,0.5005711,Neutra/Mista,0.0,-0.0012029558420181274,0.0012029558420181274,1.104658659122017,0.19356436181705738,0.25,parcial (um lado neutro)
220556,PT,Ana Paula Lima,1,0.18477762,0.44750288,0.26272526,0.28977188,0.44750288,0.0,1,0,0,0.0,0.0,1,0.0923888087272644,1.0,0.0,0.0,0,64.0,71.0,0.080226,0.086493656,0.056338028169014086,0.0625,0.03125,0.9014084507042254,0.10064465552568436,0.28835273,0.2018591,0.5097882,Neutra/Mista,0.0,0.012162812054157257,0.012162812054157257,0.9765442675712563,0.19369574636013798,0.25,parcial (um lado neutro)
220559,PL,Julia Zanatta,1,0.07005079,0.28457505,0.21452425,0.50090075,0.50090075,0.0,0,0,1,1.0,1.0,1,0.03502539545297623,0.0,0.0,1.0,0,7.0,12.0,0.05378888,0.09220951,0.0,0.0,0.0,0.5833333333333334,0.04140976816415787,0.25670853,0.16449903,0.57879245,Neutra/Mista,0.0,-0.018763486295938492,0.018763486295938492,-0.2215871959924698,0.070245762146335,0.25,parcial (um lado neutro)
220565,PT,Delegada Adriana Accorsi,1,0.16325365,0.39537513,0.23212148,0.37250334,0.39537513,0.0,1,0,0,0.0,-1.0,1,0.08162682503461838,1.0,0.0,0.0,0,64.0,71.0,0.080226,0.086493656,0.056338028169014086,0.0625,0.03125,0.9014084507042254,0.10064465552568436,0.28835273,0.2018591,0.5097882,Neutra/Mista,0.0,0.0014008283615112305,0.0014008283615112305,0.7626832605175915,0.12068414356025252,0.25,parcial (um lado neutro)
220570,PSD,Ismael Alexandrino,2,0.26722324,0.47018564,0.20296237,0.32685205,0.47018564,0.0004630885,2,0,0,0.0,0.5,2,0.17814882596333823,1.0,0.0,0.0,1,51.0,58.0,0.10395701,0.11414888,0.1206896551724138,0.13725490196078433,0.0,0.8793103448275862,0.10112366080284119,0.31047958,0.19633071,0.49318975,Neutra/Mista,0.0,0.07419181366761526,0.07419181366761526,1.5137343003412467,0.15543907222423853,0.25,parcial (um lado neutro)
220574,PL,Cabo Gilberto Silva,2,0.222732,0.46190596,0.23917398,0.2989201,0.46190596,0.06338324,2,0,0,0.0,1.0,2,0.1484879950682322,1.0,0.0,0.0,0,7.0,12.0,0.05378888,0.09220951,0.0,0.0,0.0,0.5833333333333334,0.04140976816415787,0.25670853,0.16449903,0.57879245,Neutra/Mista,0.0,0.09469911331931749,0.09469911331931749,1.305224895477295,0.24330491767692491,0.25,parcial (um lado neutro)
220594,PL,Coronel Assis,1,0.31266296,0.52416414,0.2115012,0.26433465,0.52416414,0.0,1,0,0,0.0,1.0,1,0.15633147954940796,1.0,0.0,0.0,1,7.0,12.0,0.05378888,0.09220951,0.0,0.0,0.0,0.5833333333333334,0.04140976816415787,0.25670853,0.16449903,0.57879245,Neutra/Mista,0.0,0.10254259780049324,0.10254259780049324,2.204534411430359,0.2813950076785252,0.25,parcial (um lado neutro)
220594,UNIÃO,Coronel Assis,1,0.18636833,0.38674182,0.20037349,0.41288468,0.41288468,0.0,0,0,1,0.0,1.0,1,0.09318416565656662,0.0,0.0,1.0,0,,,,,,,,,,,,,sem dados,,,,,,,
220595,PL,Coronel Fernanda,2,0.147656,0.39139628,0.24374029,0.3648634,0.42562437,0.14152731,1,0,1,0.5,1.0,2,0.09843732913335164,0.5,0.0,0.5,0,7.0,12.0,0.05378888,0.09220951,0.0,0.0,0.0,0.5833333333333334,0.04140976816415787,0.25670853,0.16449903,0.57879245,Neutra/Mista,0.0,0.04464844738443692,0.04464844738443692,0.5544648319482803,0.18274956179655283,0.25,parcial (um lado neutro)
220606,PT,Reimont,1,0.4328758,0.63124204,0.19836624,0.17039178,0.63124204,0.0,1,0,0,0.0,-1.0,1,0.2164379060268402,1.0,0.0,0.0,1,64.0,71.0,0.080226,0.086493656,0.056338028169014086,0.0625,0.03125,0.9014084507042254,0.10064465552568436,0.28835273,0.2018591,0.5097882,Neutra/Mista,0.0,0.13621190935373306,0.13621190935373306,3.4416347227189332,0.33341418270456935,0.25,parcial (um lado neutro)
220607,PDT,Max Lemos,1,0.13953158,0.4168385,0.2773069,0.3058546,0.4168385,0.0,1,0,0,1.0,-1.0,1,0.06976579129695892,1.0,0.0,0.0,0,40.0,44.0,0.075867385,0.085350804,0.13636363636363635,0.15,0.025,0.9090909090909091,0.09508273750543594,0.27721527,0.19186445,0.5309203,Neutra/Mista,0.0,-0.006101593375205994,0.006101593375205994,0.5418077856302261,0.1948036058833835,0.25,parcial (um lado neutro)
220615,PSOL,Pastor Henrique Vieira,1,0.23062062,0.47857183,0.24795121,0.27347693,0.47857183,0.0,1,0,0,0.0,-1.0,1,0.11531031131744385,1.0,0.0,0.0,0,65.0,71.0,0.032485507,0.034984395,0.11267605633802817,0.12307692307692308,0.046153846153846156,0.9154929577464789,0.08231221139431,0.27375746,0.23877306,0.48746946,Neutra/Mista,0.0,0.08282480388879776,0.08282480388879776,1.9563622772693634,0.2059846300375653,0.25,parcial (um lado neutro)
220621,PL,Sargento Gonçalves,4,0.28588593,0.4913986,0.2055127,0.30308867,0.49837124,0.07582544,3,0,1,0.0,1.0,4,0.22870874404907227,0.75,0.0,0.25,1,7.0,12.0,0.05378888,0.09220951,0.0,0.0,0.0,0.5833333333333334,0.04140976816415787,0.25670853,0.16449903,0.57879245,Neutra/Mista,0.0,0.17491986230015755,0.17491986230015755,1.936764121055603,0.24549225112335193,0.25,parcial (um lado neutro)
220652,PODE,Delegado Palumbo,1,0.2675507,0.49293348,0.22538276,0.2816838,0.49293348,0.0,1,0,0,0.0,1.0,1,0.13377535343170166,1.0,0.0,0.0,0,,,,,,,,,,,,,sem dados,,,,,,,
220654,PL,Delegado Paulo Bilynskyj,1,0.2675507,0.49293348,0.22538276,0.2816838,0.49293348,0.0,1,0,0,1.0,1.0,1,0.13377535343170166,1.0,0.0,0.0,0,7.0,12.0,0.05378888,0.09220951,0.0,0.0,0.0,0.5833333333333334,0.04140976816415787,0.25670853,0.16449903,0.57879245,Neutra/Mista,0.0,0.07998647168278694,0.07998647168278694,1.753411889076233,0.261777151947202,0.25,parcial (um lado neutro)
220666,PL,Coronel Meira,2,0.33626264,0.50436234,0.16809973,0.32753795,0.50436234,0.09809951,2,0,0,0.0,1.0,2,0.2241750955581665,1.0,0.0,0.0,1,7.0,12.0,0.05378888,0.09220951,0.0,0.0,0.0,0.5833333333333334,0.04140976816415787,0.25670853,0.16449903,0.57879245,Neutra/Mista,0.0,0.17038621380925179,0.17038621380925179,2.4405312538146973,0.234669718332333,0.25,parcial (um lado neutro)
220690,PL,Capitão Alden,1,0.11467469,0.46585563,0.35118094,0.1829635,0.46585563,0.0,1,0,0,0.0,1.0,1,0.05733734369277954,1.0,0.0,0.0,0,7.0,12.0,0.05378888,0.09220951,0.0,0.0,0.0,0.5833333333333334,0.04140976816415787,0.25670853,0.16449903,0.57879245,Neutra/Mista,0.0,0.0035484619438648224,0.0035484619438648224,0.2246517688035965,0.35360098302814447,0.25,parcial (um lado neutro)
220707,PP,Amanda Gentil,1,0.2668958,0.44743776,0.18054196,0.3720203,0.44743776,0.0,1,0,0,1.0,-1.0,1,0.13344790041446686,1.0,0.0,0.0,0,,,,,,,,,,,,,sem dados,,,,,,,
222565,UNIÃO,Soldado Noelio,2,0.31252727,0.52407026,0.21154296,0.26438683,0.52407026,0.06360646,2,0,0,0.0,1.0,2,0.20835151274998984,1.0,0.0,0.0,1,,,,,,,,,,,,,sem dados,,,,,,,
227275,REPUBLICANOS,Mariana Carvalho,1,0.2853291,0.5256882,0.24035907,0.23395278,0.5256882,0.0,1,0,0,0.0,1.0,1,0.14266455173492432,1.0,0.0,0.0,0,68.0,74.0,0.13497831,0.14490318,0.25675675675675674,0.27941176470588236,0.0,0.918918918918919,0.11102753132581711,0.3221661,0.1772629,0.5005711,Neutra/Mista,0.0,0.007686242461204529,0.007686242461204529,1.2647846782647243,0.23866335524509386,0.25,parcial (um lado neutro)
230767,PL,Rodrigo da Zaeli,1,0.22251803,0.4617578,0.23923978,0.29900238,0.4617578,0.0,1,0,0,0.0,1.0,1,0.11125901341438293,1.0,0.0,0.0,0,7.0,12.0,0.05378888,0.09220951,0.0,0.0,0.0,0.5833333333333334,0.04140976816415787,0.25670853,0.16449903,0.57879245,Neutra/Mista,0.0,0.057470131665468216,0.057470131665468216,1.3030850887298584,0.2432193946073834,0.25,parcial (um lado neutro)
235088,PRD,Ribeiro Neto,1,0.07005079,0.28457505,0.21452425,0.50090075,0.50090075,0.0,0,0,1,0.0,1.0,1,0.03502539545297623,0.0,0.0,1.0,0,,,,,,,,,,,,,sem dados,,,,,,,
