titulo,data_publicacao,link,keywords_encontradas,fonte_descoberta,partido,party_sigla,date,year,news_id,is_listing
Você pesquisou por porte de armas - Página 3 de 37 - PCdoB,2022-09-06,https://pcdob.org.br/page/3/?s=porte+de+armas,"['armas', 'armamento', 'porte de armas', 'armas de fogo']",busca-interna,PARTIDO COMUNISTA DO BRASIL,PCdoB,2022-09-06,2022,n0303,True
Você pesquisou por porte de armas - Página 2 de 37 - PCdoB,2024-01-26,https://pcdob.org.br/page/2/?s=porte+de+armas,"['arma', 'armas', 'porte de armas', 'pistola', 'arma de fogo', 'armas de fogo']",busca-interna,PARTIDO COMUNISTA DO BRASIL,PCdoB,2024-01-26,2024,n0304,True
Você pesquisou por desarmamento - Página 3 de 10 - PCdoB,2024-07-01,https://pcdob.org.br/page/3/?s=desarmamento,"['armas', 'desarmamento', 'desarmar']",busca-interna,PARTIDO COMUNISTA DO BRASIL,PCdoB,2024-07-01,2024,n0305,True
Você pesquisou por desarmamento - Página 10 de 10 - PCdoB,2018-04-12,https://pcdob.org.br/page/10/?s=desarmamento,['desarmamento'],busca-interna,PARTIDO COMUNISTA DO BRASIL,PCdoB,2018-04-12,2018,n0306,True
Você pesquisou por porte de armas - Página 37 de 37 - PCdoB,2010-02-08,https://pcdob.org.br/page/37/?s=porte+de+armas,"['armas', 'porte de armas']",busca-interna,PARTIDO COMUNISTA DO BRASIL,PCdoB,2010-02-08,2010,n0307,True
Você pesquisou por desarmamento - Página 2 de 10 - PCdoB,2025-06-25,https://pcdob.org.br/page/2/?s=desarmamento,"['armas', 'desarmamento', 'armas de fogo']",busca-interna,PARTIDO COMUNISTA DO BRASIL,PCdoB,2025-06-25,2025,n0308,True
"Busca por ""desarmamento"" | 2/14 | PSDB - Partido da Social Democracia Brasileira",2006-07-11,https://www.psdb.org.br/page/2/?s=desarmamento,"['armas', 'desarmamento', 'porte de armas']",busca-interna,PARTIDO DA SOCIAL DEMOCRACIA BRASILEIRA,PSDB,2006-07-11,2006,n0437,True
"Busca por ""porte de armas"" | 3/20 | PSDB - Partido da Social Democracia Brasileira",2017-11-10,https://www.psdb.org.br/page/3/?s=porte+de+armas,"['armas', 'porte de armas']",busca-interna,PARTIDO DA SOCIAL DEMOCRACIA BRASILEIRA,PSDB,2017-11-10,2017,n0438,True
"Busca por ""desarmamento"" | 3/14 | PSDB - Partido da Social Democracia Brasileira",2004-09-29,https://www.psdb.org.br/page/3/?s=desarmamento,"['desarmamento', 'estatuto do desarmamento']",busca-interna,PARTIDO DA SOCIAL DEMOCRACIA BRASILEIRA,PSDB,2004-09-29,2004,n0439,True
"Busca por ""porte de armas"" | 20/20 | PSDB - Partido da Social Democracia Brasileira",2003-01-25,https://www.psdb.org.br/page/20/?s=porte+de+armas,"['armas', 'porte de armas']",busca-interna,PARTIDO DA SOCIAL DEMOCRACIA BRASILEIRA,PSDB,2003-01-25,2003,n0440,True
"Busca por ""desarmamento"" | 14/14 | PSDB - Partido da Social Democracia Brasileira",2001-09-16,https://www.psdb.org.br/page/14/?s=desarmamento,['desarmamento'],busca-interna,PARTIDO DA SOCIAL DEMOCRACIA BRASILEIRA,PSDB,2001-09-16,2001,n0441,True
Search Results for: porte de armas,2025-12-19,https://pdt.org.br/index.php/page/2/?s=porte+de+armas,"['armas', 'porte de armas']",busca-interna,PARTIDO DEMOCRÁTICO TRABALHISTA,PDT,2025-12-19,2025,n0502,True
Search Results for: desarmamento,2009-03-14,https://pdt.org.br/index.php/page/2/?s=desarmamento,"['arma', 'armas', 'desarmamento', 'porte de arma', 'estatuto do desarmamento', 'arma de fogo', 'armas de fogo']",busca-interna,PARTIDO DEMOCRÁTICO TRABALHISTA,PDT,2009-03-14,2009,n0503,True
Search Results for: porte de armas,2007-07-23,https://pdt.org.br/index.php/page/4/?s=porte+de+armas,"['armas', 'porte de armas']",busca-interna,PARTIDO DEMOCRÁTICO TRABALHISTA,PDT,2007-07-23,2007,n0505,True
Você pesquisou por porte de armas - Página 3 de 18 - PL 22,2026-05-11,https://partidoliberal.org.br/page/3/?s=porte+de+armas,"['armas', 'porte de armas']",busca-interna,PARTIDO LIBERAL,PL,2026-05-11,2026,n0582,True
Você pesquisou por desarmamento - Página 2 de 14 - PL 22,2026-07-13,https://partidoliberal.org.br/page/2/?s=desarmamento,['desarmamento'],busca-interna,PARTIDO LIBERAL,PL,2026-07-13,2026,n0583,True
Você pesquisou por porte de armas - Página 6 de 6 - PSOL 50,2010-10-26,https://psol50.org.br/page/6/?s=porte+de+armas,"['armas', 'porte de armas']",busca-interna,PARTIDO SOCIALISMO E LIBERDADE,PSOL,2010-10-26,2010,n0695,True
Você pesquisou por porte de armas - Página 2 de 6 - PSOL 50,2020-05-14,https://psol50.org.br/page/2/?s=porte+de+armas,"['arma', 'armas', 'porte de armas', 'municao', 'armas de fogo']",busca-interna,PARTIDO SOCIALISMO E LIBERDADE,PSOL,2020-05-14,2020,n0696,True
Você pesquisou por desarmamento - Página 2 de 2 - PSOL 50,2019-01-15,https://psol50.org.br/page/2/?s=desarmamento,"['armas', 'desarmamento', 'posse de armas', 'estatuto do desarmamento', 'armas de fogo']",busca-interna,PARTIDO SOCIALISMO E LIBERDADE,PSOL,2019-01-15,2019,n0697,True
Você pesquisou por porte de armas - Página 3 de 6 - PSOL 50,2015-10-28,https://psol50.org.br/page/3/?s=porte+de+armas,"['armas', 'desarmamento', 'porte de armas', 'estatuto do desarmamento']",busca-interna,PARTIDO SOCIALISMO E LIBERDADE,PSOL,2015-10-28,2015,n0698,True
26 de janeiro de 2023 - PSB 40,2023-01-26,https://psb40.org.br/2023/01/26/,"['desarmamento', 'estatuto do desarmamento']",busca-interna,PARTIDO SOCIALISTA BRASILEIRO,PSB,2023-01-26,2023,n0699,True
31 de março de 2021 - PSB 40,2021-03-31,https://psb40.org.br/2021/03/31/,['armas'],busca-interna,PARTIDO SOCIALISTA BRASILEIRO,PSB,2021-03-31,2021,n0700,True
5 de abril de 2021 - PSB 40,2021-04-05,https://psb40.org.br/2021/04/05/,['armas'],busca-interna,PARTIDO SOCIALISTA BRASILEIRO,PSB,2021-04-05,2021,n0701,True
18 de julho de 2022 - PSB 40,2022-07-18,https://psb40.org.br/2022/07/18/,"['armas', 'porte de armas']",busca-interna,PARTIDO SOCIALISTA BRASILEIRO,PSB,2022-07-18,2022,n0702,True
21 de novembro de 2022 - PSB 40,2022-11-21,https://psb40.org.br/2022/11/21/,['armas'],busca-interna,PARTIDO SOCIALISTA BRASILEIRO,PSB,2022-11-21,2022,n0703,True
17 de abril de 2021 - PSB 40,2021-04-17,https://psb40.org.br/2021/04/17/,['armas'],busca-interna,PARTIDO SOCIALISTA BRASILEIRO,PSB,2021-04-17,2021,n0704,True
26 de fevereiro de 2022 - PSB 40,2022-02-26,https://psb40.org.br/2022/02/26/,"['armas', 'porte de armas', 'armas de fogo']",busca-interna,PARTIDO SOCIALISTA BRASILEIRO,PSB,2022-02-26,2022,n0705,True
Você pesquisou por desarmamento - PSB 40,2024-09-27,https://psb40.org.br/?s=desarmamento,"['armas', 'desarmamento', 'estatuto do desarmamento']",busca-interna,PARTIDO SOCIALISTA BRASILEIRO,PSB,2024-09-27,2024,n0781,True
Você pesquisou por porte de armas - Página 3 de 4 - PSB 40,2019-08-08,https://psb40.org.br/page/3/?s=porte+de+armas,"['armas', 'porte de armas']",busca-interna,PARTIDO SOCIALISTA BRASILEIRO,PSB,2019-08-08,2019,n0782,True
Você pesquisou por porte de armas - PSB 40,2026-05-12,https://psb40.org.br/?s=porte+de+armas,"['armas', 'porte de armas']",busca-interna,PARTIDO SOCIALISTA BRASILEIRO,PSB,2026-05-12,2026,n0783,True
Você pesquisou por desarmamento - Página 2 de 3 - PSB 40,2021-03-04,https://psb40.org.br/page/2/?s=desarmamento,"['armas', 'desarmamento']",busca-interna,PARTIDO SOCIALISTA BRASILEIRO,PSB,2021-03-04,2021,n0784,True
Você pesquisou por desarmamento - Página 3 de 3 - PSB 40,2015-11-23,https://psb40.org.br/page/3/?s=desarmamento,"['arma', 'armas', 'desarmamento', 'porte de arma']",busca-interna,PARTIDO SOCIALISTA BRASILEIRO,PSB,2015-11-23,2015,n0785,True
Você pesquisou por porte de armas - Página 4 de 4 - PSB 40,2013-09-04,https://psb40.org.br/page/4/?s=porte+de+armas,"['armas', 'porte de armas']",busca-interna,PARTIDO SOCIALISTA BRASILEIRO,PSB,2013-09-04,2013,n0786,True
Você pesquisou por porte de armas - Página 2 de 4 - PSB 40,2021-04-14,https://psb40.org.br/page/2/?s=porte+de+armas,"['arma', 'armas', 'porte de armas', 'arma de fogo']",busca-interna,PARTIDO SOCIALISTA BRASILEIRO,PSB,2021-04-14,2021,n0787,True
Você pesquisou por porte de armas - Página 2 de 6 - PSD - Partido Social Democrático,2015-08-14,https://psd.org.br/page/2/?s=porte+de+armas,"['arma', 'armas', 'porte de arma', 'porte de armas', 'armas de fogo']",busca-interna,PARTIDO SOCIAL DEMOCRÁTICO,PSD,2015-08-14,2015,n0847,True
Você pesquisou por desarmamento - Página 2 de 4 - PSD - Partido Social Democrático,2012-05-15,https://psd.org.br/page/2/?s=desarmamento,['desarmamento'],busca-interna,PARTIDO SOCIAL DEMOCRÁTICO,PSD,2012-05-15,2012,n0848,True
Você pesquisou por porte de armas - Página 6 de 6 - PSD - Partido Social Democrático,2016-09-21,https://psd.org.br/page/6/?s=porte+de+armas,"['armas', 'porte de armas']",busca-interna,PARTIDO SOCIAL DEMOCRÁTICO,PSD,2016-09-21,2016,n0849,True
Você pesquisou por desarmamento - Página 4 de 4 - PSD - Partido Social Democrático,2014-04-15,https://psd.org.br/page/4/?s=desarmamento,['desarmamento'],busca-interna,PARTIDO SOCIAL DEMOCRÁTICO,PSD,2014-04-15,2014,n0850,True
Arquivo Diário: 27 de março de 2018,2018-03-27,https://pv.org.br/2018/03/27/,['armamento'],busca-interna,PARTIDO VERDE,PV,2018-03-27,2018,n0851,True
Arquivo Diário: 17 de janeiro de 2019,2019-01-17,https://pv.org.br/2019/01/17/,"['armas', 'armamento', 'posse de armas']",busca-interna,PARTIDO VERDE,PV,2019-01-17,2019,n0852,True
Arquivo Diário: 10 de maio de 2019,2019-05-10,https://pv.org.br/2019/05/10/,"['armas', 'porte de armas']",busca-interna,PARTIDO VERDE,PV,2019-05-10,2019,n0853,True
Arquivo Diário: 21 de janeiro de 2019,2019-01-21,https://pv.org.br/2019/01/21/,"['arma', 'armas', 'porte de arma', 'posse de armas']",busca-interna,PARTIDO VERDE,PV,2019-01-21,2019,n0854,True
Arquivo Diário: 8 de maio de 2019,2019-05-08,https://pv.org.br/2019/05/08/,"['armas', 'armas de fogo']",busca-interna,PARTIDO VERDE,PV,2019-05-08,2019,n0855,True
Arquivo Diário: 3 de junho de 2019,2019-06-03,https://pv.org.br/2019/06/03/,"['arma', 'armas', 'posse de armas', 'arma de fogo', 'armas de fogo']",busca-interna,PARTIDO VERDE,PV,2019-06-03,2019,n0856,True
Arquivo Diário: 26 de outubro de 2015,2015-10-26,https://pv.org.br/2015/10/26/,"['desarmamento', 'estatuto do desarmamento']",busca-interna,PARTIDO VERDE,PV,2015-10-26,2015,n0857,True
Arquivo Diário: 4 de outubro de 2017,2017-10-04,https://pv.org.br/2017/10/04/,"['armas', 'desarmamento', 'estatuto do desarmamento', 'armas de fogo']",busca-interna,PARTIDO VERDE,PV,2017-10-04,2017,n0858,True
Arquivo Diário: 17 de junho de 2019,2019-06-17,https://pv.org.br/2019/06/17/,['armas'],busca-interna,PARTIDO VERDE,PV,2019-06-17,2019,n0859,True
Procurar Resultados para :porte de armas,2019-03-14,https://pv.org.br/page/4/?s=porte+de+armas,"['armas', 'porte de armas']",busca-interna,PARTIDO VERDE,PV,2019-03-14,2019,n0934,True
Procurar Resultados para :porte de armas,2016-08-29,https://pv.org.br/page/5/?s=porte+de+armas,"['armas', 'porte de armas']",busca-interna,PARTIDO VERDE,PV,2016-08-29,2016,n0935,True
Procurar Resultados para :porte de armas,2024-02-27,https://pv.org.br/page/3/?s=porte+de+armas,"['arma', 'armas', 'porte de armas', 'fuzil']",busca-interna,PARTIDO VERDE,PV,2024-02-27,2024,n0936,True
Procurar Resultados para :desarmamento,2018-08-23,https://pv.org.br/page/3/?s=desarmamento,"['armas', 'desarmamento']",busca-interna,PARTIDO VERDE,PV,2018-08-23,2018,n0937,True
Procurar Resultados para :porte de armas,2019-06-03,https://pv.org.br/?s=porte+de+armas,"['arma', 'armas', 'armamento', 'porte de arma', 'porte de armas', 'posse de armas', 'arma de fogo', 'armas de fogo']",busca-interna,PARTIDO VERDE,PV,2019-06-03,2019,n0938,True
Procurar Resultados para :porte de armas,2019-06-17,https://pv.org.br/page/2/?s=porte+de+armas,"['armas', 'desarmamento', 'porte de armas', 'estatuto do desarmamento', 'armas de fogo']",busca-interna,PARTIDO VERDE,PV,2019-06-17,2019,n0939,True
Procurar Resultados para :desarmamento,2017-10-04,https://pv.org.br/?s=desarmamento,"['armas', 'desarmamento', 'estatuto do desarmamento', 'armas de fogo']",busca-interna,PARTIDO VERDE,PV,2017-10-04,2017,n0941,True
Procurar Resultados para :desarmamento,2019-05-20,https://pv.org.br/page/2/?s=desarmamento,"['armas', 'armamento', 'desarmamento', 'porte de armas', 'posse de armas', 'estatuto do desarmamento']",busca-interna,PARTIDO VERDE,PV,2019-05-20,2019,n0942,True
Procurar Resultados para :desarmamento,2011-02-28,https://pv.org.br/page/5/?s=desarmamento,['desarmamento'],busca-interna,PARTIDO VERDE,PV,2011-02-28,2011,n0943,True
Procurar Resultados para :desarmamento,2015-10-02,https://pv.org.br/page/4/?s=desarmamento,"['arma', 'desarmamento', 'arma de fogo']",busca-interna,PARTIDO VERDE,PV,2015-10-02,2015,n0944,True
Deputado Federal Archives | Partido Progressistas,2007-09-09,https://progressistas.org.br/cargo/deputado-federal/,['desarmamento'],busca-interna,PROGRESSISTAS,PP,2007-09-09,2007,n0945,True
Deputado Estadual Archives | Partido Progressistas,2023-02-01,https://progressistas.org.br/cargo/deputado-estadual/,['armas'],busca-interna,PROGRESSISTAS,PP,2023-02-01,2023,n0946,True
Parlamentares Archive | Partido Progressistas,2023-02-01,https://progressistas.org.br/parlamentares/,"['armas', 'desarmamento']",busca-interna,PROGRESSISTAS,PP,2023-02-01,2023,n0947,True
Você pesquisou por porte de armas | Página 4 de 6 | Republicanos10,2023-08-22,https://republicanos10.org.br/page/4/?s=porte+de+armas,"['armas', 'porte de armas']",busca-interna,REPUBLICANOS,REPUBLICANOS,2023-08-22,2023,n1026,True
Você pesquisou por desarmamento | Página 2 de 2 | Republicanos10,2019-08-01,https://republicanos10.org.br/page/2/?s=desarmamento,['desarmamento'],busca-interna,REPUBLICANOS,REPUBLICANOS,2019-08-01,2019,n1027,True
Você pesquisou por porte de armas | Página 3 de 6 | Republicanos10,2020-05-15,https://republicanos10.org.br/page/3/?s=porte+de+armas,"['armas', 'porte de armas']",busca-interna,REPUBLICANOS,REPUBLICANOS,2020-05-15,2020,n1028,True
Você pesquisou por porte de armas | Página 2 de 6 | Republicanos10,2020-06-27,https://republicanos10.org.br/page/2/?s=porte+de+armas,"['arma', 'armas', 'porte de arma', 'porte de armas']",busca-interna,REPUBLICANOS,REPUBLICANOS,2020-06-27,2020,n1029,True
Você pesquisou por porte de armas | Página 6 de 6 | Republicanos10,2020-05-04,https://republicanos10.org.br/page/6/?s=porte+de+armas,"['armas', 'porte de armas']",busca-interna,REPUBLICANOS,REPUBLICANOS,2020-05-04,2020,n1030,True
