party,n_total,n_rel,n_fav,n_con,n_neu,rel_rate,fav_rate_total,con_rate_total,fav_rate_rel,con_rate_rel,neu_rate_rel,net_hard,soft_index,shrunk_index,ci_lo,ci_hi,ic_exclui_zero,s_sd,pfav_mean,pcon_mean,pneu_mean,posicao
REPUBLICANOS,74,68,19,0,49,0.918918918918919,0.25675675675675674,0.0,0.27941176470588236,0.0,0.7205882352941176,0.27941176470588236,0.14490318,0.13497831,0.1190770781626377,0.17145649707766578,True,0.11102753132581711,0.3221661,0.1772629,0.5005711,Neutra/Mista
NOVO,30,29,7,1,21,0.9666666666666667,0.23333333333333334,0.03333333333333333,0.2413793103448276,0.034482758620689655,0.7241379310344828,0.20689655172413793,0.15107368,0.12885697,0.10904433840307695,0.19594010307999518,True,0.12078655511140823,0.3369463,0.18587264,0.47718105,Neutra/Mista
MDB,16,15,5,0,10,0.9375,0.3125,0.0,0.3333333333333333,0.0,0.6666666666666666,0.3333333333333333,0.15171099,0.11378324,0.11761787933607896,0.19562506929039952,True,0.07852565497159958,0.33331072,0.18159978,0.48508945,Neutra/Mista
PSD,58,51,7,0,44,0.8793103448275862,0.1206896551724138,0.0,0.13725490196078433,0.0,0.8627450980392157,0.13725490196078433,0.11414888,0.10395701,0.0867295891850018,0.14190175676462696,True,0.10112366080284119,0.31047958,0.19633071,0.49318975,Neutra/Mista
PV,75,68,9,0,59,0.9066666666666666,0.12,0.0,0.1323529411764706,0.0,0.8676470588235294,0.1323529411764706,0.10370461,0.09660155,0.08031634963939295,0.12964147462728706,True,0.1041392982006073,0.28600276,0.18229814,0.5316991,Neutra/Mista
CIDADANIA,22,22,3,0,19,1.0,0.13636363636363635,0.0,0.13636363636363635,0.0,0.8636363636363636,0.13636363636363635,0.10111015,0.082386054,0.06708869538693266,0.13485519806431095,True,0.08324699103832245,0.29662004,0.19550987,0.5078701,Neutra/Mista
PT,71,64,4,2,58,0.9014084507042254,0.056338028169014086,0.028169014084507043,0.0625,0.03125,0.90625,0.03125,0.086493656,0.080226,0.06288242937007453,0.11084518695424775,True,0.10064465552568436,0.28835273,0.2018591,0.5097882,Neutra/Mista
PCdoB,118,110,5,0,105,0.9322033898305084,0.0423728813559322,0.0,0.045454545454545456,0.0,0.9545454545454546,0.045454545454545456,0.0823181,0.07873905,0.06882785443216563,0.0955896334468641,True,0.06998346000909805,0.23977357,0.15745549,0.6027709,Neutra/Mista
PDT,44,40,6,1,33,0.9090909090909091,0.13636363636363635,0.022727272727272728,0.15,0.025,0.825,0.125,0.085350804,0.075867385,0.05576790082734078,0.11345017303712666,True,0.09508273750543594,0.27721527,0.19186445,0.5309203,Neutra/Mista
PSB,74,59,4,1,54,0.7972972972972973,0.05405405405405406,0.013513513513513514,0.06779661016949153,0.01694915254237288,0.9152542372881356,0.05084745762711865,0.06916464,0.06376115,0.04604442729851452,0.09273120146244763,True,0.09124596416950226,0.27457696,0.2054123,0.5200107,Neutra/Mista
PSDB,54,48,7,1,40,0.8888888888888888,0.12962962962962962,0.018518518518518517,0.14583333333333334,0.020833333333333332,0.8333333333333334,0.125,0.065095685,0.05895458,0.04264314628671855,0.08601292586730172,True,0.07668927311897278,0.27281055,0.20771484,0.5194747,Neutra/Mista
PL,12,7,0,0,7,0.5833333333333334,0.0,0.0,0.0,0.0,1.0,0.0,0.09220951,0.05378888,0.0603654011551823,0.11626910801444733,True,0.04140976816415787,0.25670853,0.16449903,0.57879245,Neutra/Mista
AVANTE,6,5,1,0,4,0.8333333333333334,0.16666666666666666,0.0,0.2,0.0,0.8,0.2,0.106265545,0.053132772,0.049783563539385796,0.1700668752193451,True,0.07701129466295242,0.34796438,0.24169883,0.4103368,Neutra/Mista
SOLIDARIEDADE,5,5,0,0,5,1.0,0.0,0.0,0.0,0.0,1.0,0.0,0.077023245,0.038511623,0.05972011983394623,0.09025386571884156,True,0.01945611834526062,0.25631586,0.1792926,0.5643915,Neutra/Mista
UP,17,16,1,2,13,0.9411764705882353,0.058823529411764705,0.11764705882352941,0.0625,0.125,0.8125,-0.0625,0.047975402,0.036552686,-0.0028107580495998256,0.09621567046269773,False,0.10303127020597458,0.25062442,0.202649,0.5467266,Neutra/Mista
PCB,109,107,2,0,105,0.981651376146789,0.01834862385321101,0.0,0.018691588785046728,0.0,0.9813084112149533,0.018691588785046728,0.036782578,0.035140496,0.025672510911701855,0.04750628045011555,True,0.058250200003385544,0.18932876,0.15254614,0.65812516,Neutra/Mista
PCO,7,7,1,1,5,1.0,0.14285714285714285,0.14285714285714285,0.14285714285714285,0.14285714285714285,0.7142857142857143,0.0,0.056537475,0.032980192,-0.03142473657748529,0.15114759440932954,False,0.13053962588310242,0.25086996,0.19433251,0.55479753,Neutra/Mista
PSOL,71,65,8,3,54,0.9154929577464789,0.11267605633802817,0.04225352112676056,0.12307692307692308,0.046153846153846156,0.8307692307692308,0.07692307692307693,0.034984395,0.032485507,0.015975470898243097,0.054807073771953554,True,0.08231221139431,0.27375746,0.23877306,0.48746946,Neutra/Mista
DC,1,1,0,0,1,1.0,0.0,0.0,0.0,0.0,1.0,0.0,0.095564276,0.01592738,,,False,,0.17606692,0.080502644,0.7434305,Dados insuficientes
REDE,1,1,0,0,1,1.0,0.0,0.0,0.0,0.0,1.0,0.0,-0.022080034,-0.0036800057,,,False,,0.1317648,0.15384483,0.7143904,Dados insuficientes
