id,deputy_id,deputy_name,party,party_n,event_id,speech_type,year,ref_stance,manaca_stance,p_fav,p_con,p_neu,s,manaca_conf
a660973a-7e8f-422e-ac12-3d85e2ca27aa,167614,Severino Ninho,PSB,PSB,35538,ORIENTAÇÃO DE BANCADA,2014,favorável,favorável,0.47815102,0.28071856,0.24113037,0.19743246,0.47815102
9bf5cbca-b734-421d-852e-54d48b21079d,4931,Izalci,PSDB,PSDB,35538,ORIENTAÇÃO DE BANCADA,2014,favorável,favorável,0.4920938,0.28890425,0.2190019,0.20318955,0.4920938
1152aead-d96e-475b-8b09-bcbf9010d313,73466,Rubens Bueno,PPS,CIDADANIA,35538,PELA ORDEM,2014,favorável,favorável,0.3835218,0.2551425,0.3613357,0.12837929,0.3835218
4962cc8d-5fad-43a4-abdf-1c443171f23e,73433,Arlindo Chinaglia,PT,PT,35538,PELA ORDEM,2014,neutro,favorável,0.5684116,0.17862196,0.25296643,0.38978964,0.5684116
1a79dbf5-a338-4deb-8ee2-646cc7b19b87,74848,Jandira Feghali,PCDOB,PCdoB,35538,ORIENTAÇÃO DE BANCADA,2014,favorável,favorável,0.517146,0.3036121,0.17924193,0.21353388,0.517146
7f82c945-787c-4c3a-9404-8b26b5d73882,118384,Dr. Carlos Alberto,PMN,PMN,35538,ORIENTAÇÃO DE BANCADA,2014,favorável,favorável,0.44750288,0.26272523,0.28977188,0.18477765,0.44750288
345846db-35b5-4b6c-ae50-f43787b8de0e,136811,Afonso Hamm,PP,PP,35538,ORIENTAÇÃO DE BANCADA,2014,favorável,favorável,0.44750288,0.26272523,0.28977188,0.18477765,0.44750288
a7f15978-9ab4-418a-9a2d-f2e8d57dc1b6,141400,Vieira da Cunha,PDT,PDT,35538,ORIENTAÇÃO DE BANCADA,2014,favorável,favorável,0.46092302,0.30663466,0.23244232,0.15428835,0.46092302
bb5424a5-6add-471a-bea4-1b3f586df008,141422,Efraim Filho,DEM,DEM,35538,ORIENTAÇÃO DE BANCADA,2014,favorável,favorável,0.47815108,0.2807186,0.2411304,0.19743249,0.47815108
1f95619a-1c21-48da-a594-32557586fc13,141423,Eliene Lima,PSD,PSD,35538,PELA ORDEM,2014,favorável,favorável,0.4440783,0.23007992,0.32584175,0.21399838,0.4440783
79a12348-3506-4576-b1bc-b1fde31dcee5,141500,Marcos Montes,PSD,PSD,37246,PELA ORDEM,2014,favorável,favorável,0.47386557,0.3152448,0.2108896,0.15862077,0.47386557
5017c75d-f5a5-4008-8b9b-e9d1beba0a1d,178893,Delegado Edson Moreira,PR,PL,38659,PEQUENO EXPEDIENTE,2015,favorável,favorável,0.37092093,0.27961528,0.3494638,0.09130564,0.37092093
7f381813-97d6-4348-b7eb-93b18ab54a9a,178893,Delegado Edson Moreira,PR,PL,38778,PEQUENO EXPEDIENTE,2015,favorável,neutro,0.284686,0.14749773,0.56781626,0.13718827,0.56781626
4f1f0562-06a9-4f7e-9f60-81a8c42b6e81,73579,Alberto Fraga,DEM,DEM,39164,BREVES COMUNICAÇÕES,2015,favorável,favorável,0.4164287,0.3139209,0.2696504,0.1025078,0.4164287
2247fa0b-249c-43d2-9532-a98d6f22e52c,74041,Luiz Couto,PT,PT,39164,PELA ORDEM,2015,contrário,favorável,0.3835218,0.2551425,0.3613357,0.12837929,0.3835218
25591a24-6a26-4617-959f-7fe3928298a9,178850,Marcos Rotta,MDB,MDB,40042,DISCURSO ENCAMINHADO,2015,favorável,favorável,0.46789095,0.18879485,0.34331423,0.2790961,0.46789095
ad5e8f91-1ce8-4d22-b6c1-9effbee92e64,160651,Rogério Peninha Mendonça,MDB,MDB,41856,PELA ORDEM,2015,favorável,favorável,0.35721985,0.34577116,0.297009,0.011448681,0.35721985
732f6058-356d-484d-82a3-3ca1b72d26d9,178893,Delegado Edson Moreira,PR,PL,41856,PELA ORDEM,2015,favorável,favorável,0.4428427,0.33383286,0.22332443,0.10900983,0.4428427
3ce941e4-87be-410e-9d79-2a406c75e08d,73579,Alberto Fraga,DEM,DEM,46392,PELA ORDEM,2017,favorável,favorável,0.4617578,0.23923978,0.29900238,0.22251803,0.4617578
8e05191e-0427-4c1a-a0ec-6692b5591d4f,178893,Delegado Edson Moreira,PR,PL,48886,BREVES COMUNICAÇÕES,2017,favorável,neutro,0.2839863,0.27488476,0.4411289,0.00910154,0.4411289
722fec64-2bbe-4f08-a95e-3b317715c590,178893,Delegado Edson Moreira,PR,PL,49390,BREVES COMUNICAÇÕES,2017,favorável,favorável,0.43693435,0.19977841,0.3632873,0.23715594,0.43693435
ecd860b5-b8df-45d6-a5d5-447b92886930,74399,Onyx Lorenzoni,DEM,DEM,49979,BREVES COMUNICAÇÕES,2017,favorável,favorável,0.494461,0.25618356,0.24935545,0.23827744,0.494461
3874419f-511d-458f-bfeb-403c2583d848,136811,Afonso Hamm,PP,PP,49979,PELA ORDEM,2017,favorável,neutro,0.35754657,0.20991264,0.4325408,0.14763393,0.4325408
739f4011-2233-48d1-9099-d3fd485bec90,141488,Paulo Teixeira,PT,PT,56867,PELA ORDEM,2019,contrário,favorável,0.4044901,0.3915265,0.20398338,0.012963623,0.4044901
599264f0-cde2-437e-bd1f-1720e77a3e4c,178908,Delegado Éder Mauro,PL,PL,56867,PELA ORDEM,2019,favorável,favorável,0.42399633,0.36218336,0.2138203,0.061812967,0.42399633
1e8afc12-cb65-49ef-add3-39884f33f5f4,204355,Da Vitoria,PP,PP,56867,PELA ORDEM,2019,favorável,favorável,0.517146,0.3036121,0.17924193,0.21353388,0.517146
f6e4ed2a-6446-40b2-836d-8616f44ae1a3,204382,Loester Trutis,PL,PL,56867,DISCUSSÃO,2019,favorável,favorável,0.46092302,0.30663466,0.23244232,0.15428835,0.46092302
058eab54-fada-4513-9010-169118bf80a4,68720,Fábio Henrique,UNIÃO,UNIÃO,56867,PELA ORDEM,2019,favorável,favorável,0.42561293,0.22051287,0.35387415,0.20510006,0.42561293
36b5b3da-22c0-406c-ae86-1c25ea15a287,178829,Capitão Augusto,PL,PL,56867,COMO LÍDER,2019,favorável,favorável,0.50509155,0.2965351,0.19837332,0.20855644,0.50509155
4229d58e-5499-40f1-a1e5-1012e2d11f69,204381,Luis Miranda,REPUBLICAN,REPUBLICANOS,56867,PELA ORDEM,2019,favorável,favorável,0.494461,0.25618356,0.24935545,0.23827744,0.494461
476e3b6e-6c1f-4a67-86b4-1b549aae27ea,204416,Sanderson,PL,PL,56867,PELA ORDEM,2019,favorável,contrário,0.36438337,0.39966717,0.23594944,-0.035283804,0.39966717
e076d43a-f34a-4000-a4c2-906a581477b9,204569,Delegado Pablo,UNIÃO,UNIÃO,56867,PELA ORDEM,2019,favorável,contrário,0.36438337,0.39966717,0.23594944,-0.035283804,0.39966717
7ccfdd08-648b-4a45-8dce-b261bde2ec7b,204381,Luis Miranda,DEM,DEM,58359,PELA ORDEM,2019,favorável,neutro,0.3200345,0.24125503,0.4387105,0.078779474,0.4387105
68f7eee3-b47e-4015-8df0-e6670e311a66,73486,Pompeo de Mattos,PDT,PDT,58359,DISCUSSÃO,2019,favorável,favorável,0.43693435,0.19977838,0.36328727,0.23715597,0.43693435
7622ab97-bdd8-45be-b463-f39e21e68115,204388,Bibo Nunes,PSL,PSL,58359,PELA ORDEM,2019,favorável,favorável,0.4323777,0.2876445,0.27997786,0.14473319,0.4323777
74a99dab-58de-4ea0-9c0b-bfb5f1e3689d,73482,Henrique Fontana,PT,PT,58359,DISCUSSÃO,2019,contrário,neutro,0.32942975,0.3188718,0.3516985,0.01055795,0.3516985
f6238d1f-c9a5-46aa-841e-7bf38e2d47c6,73531,Ivan Valente,PSOL,PSOL,58359,COMO LÍDER,2019,contrário,favorável,0.35721985,0.34577116,0.297009,0.011448681,0.35721985
7e85b1d9-0e7a-4dd3-ad93-254b2fcf6c40,204391,José Nelto,PODE,PODE,58359,PELA ORDEM,2019,favorável,favorável,0.44708598,0.2974294,0.25548455,0.14965656,0.44708598
62dd1a4b-48e8-4106-88bc-80484e905078,204395,Pedro Lupion,DEM,DEM,58359,PELA ORDEM,2019,favorável,favorável,0.3997211,0.34144717,0.25883174,0.05827391,0.3997211
3cba4d2a-7ec5-43ad-810c-e07bb72ab1e9,74060,Daniel Almeida,PCDOB,PCdoB,58359,PELA ORDEM,2019,contrário,favorável,0.38233876,0.37008515,0.24757612,0.012253612,0.38233876
8e812e18-a544-4d76-8dba-eafe320181fd,76874,Marcelo Freixo,PSOL,PSOL,58359,ENCAMINHAMENTO DE VOTAÇÃO,2019,contrário,favorável,0.4164287,0.3139209,0.2696504,0.1025078,0.4164287
a827abd9-51c6-43db-969b-a688c8c17330,90842,Santini,PTB,PTB,58359,PELA ORDEM,2019,favorável,favorável,0.3868043,0.29158884,0.3216069,0.09521547,0.3868043
b695ec83-726c-41e7-9505-d598591cd7ed,132504,Enio Verri,PT,PT,58359,PELA ORDEM,2019,contrário,contrário,0.33595127,0.41754493,0.24650376,-0.08159366,0.41754493
904446cd-d44a-4949-afe0-1a36f7ed767e,152605,Glauber Braga,PSOL,PSOL,58359,PELA ORDEM,2019,contrário,favorável,0.38640445,0.33007187,0.28352365,0.05633259,0.38640445
84a8f388-14d7-4e5d-801e-139ff5cc2b41,177282,Subtenente Gonzaga,PDT,PDT,58359,PELA ORDEM,2019,contrário,favorável,0.3823388,0.37008506,0.24757615,0.0122537315,0.3823388
d06717fc-18cf-49e5-94b0-74c7f679fbc7,178863,Uldurico Junior,PROS,PROS,58359,PELA ORDEM,2019,contrário,neutro,0.28837937,0.31630364,0.395317,-0.02792427,0.395317
9321a99c-7d4f-4552-80e7-240dc7dc4050,178884,Hildo Rocha,MDB,MDB,58359,DISCUSSÃO,2019,favorável,favorável,0.4064614,0.21059032,0.38294828,0.19587107,0.4064614
53400ec2-c21c-41f2-8a90-e713d14ca95f,178916,Daniel Coelho,CIDADANIA,CIDADANIA,58359,PELA ORDEM,2019,contrário,contrário,0.37477386,0.41106385,0.21416225,-0.03628999,0.41106385
781f8428-3737-4e0e-be1c-90f2fcc54d14,178970,João Daniel,PT,PT,58359,DISCUSSÃO,2019,contrário,neutro,0.32637498,0.2787939,0.3948311,0.047581077,0.3948311
01f9b8e3-87a1-4396-98d6-953cef5d61fd,74161,Reginaldo Lopes,PT,PT,58419,DISCUSSÃO,2019,contrário,neutro,0.2934652,0.25068188,0.45585287,0.04278332,0.45585287
449b3b31-5ab5-46a8-b329-fc167ccfaba4,156190,Marcel van Hattem,NOVO,NOVO,58419,DISCUSSÃO,2019,favorável,favorável,0.46327707,0.27198613,0.26473683,0.19129094,0.46327707
01b23cae-db2f-4a88-9018-5d60b0ef3291,90842,Santini,PTB,PTB,58419,PELA ORDEM,2019,favorável,favorável,0.38233876,0.37008515,0.24757612,0.012253612,0.38233876
d25bec57-2ee6-440f-9891-71fe9871ccbb,134812,Edmilson Rodrigues,PSOL,PSOL,58419,DISCUSSÃO,2019,contrário,favorável,0.40052736,0.26645574,0.33301687,0.13407162,0.40052736
4e575f58-6eac-4879-91e7-2c22cf80b28c,178857,Jorge Solla,PT,PT,58419,DISCUSSÃO,2019,contrário,favorável,0.37092093,0.27961528,0.3494638,0.09130564,0.37092093
56d0b4f2-0df9-4867-bfdd-dc862ecd990a,160511,Alessandro Molon,PSB,PSB,58419,PELA ORDEM,2019,contrário,favorável,0.69988114,0.13339789,0.16672097,0.56648326,0.69988114
4452df76-e0cd-4b12-b981-861ea4c30e19,178970,João Daniel,PT,PT,58419,ENCAMINHAMENTO DE VOTAÇÃO,2019,contrário,favorável,0.35721985,0.34577116,0.297009,0.011448681,0.35721985
f32848cb-3902-4775-9288-b5afa1239550,160604,Pedro Uczai,PT,PT,58419,BREVES COMUNICAÇÕES,2019,contrário,neutro,0.36591703,0.24343073,0.3906522,0.12248629,0.3906522
185d49fd-19c3-4cc4-96da-7609bc5fb50f,204352,Camilo Capiberibe,PSB,PSB,58419,PELA ORDEM,2019,contrário,neutro,0.32942975,0.3188718,0.3516985,0.01055795,0.3516985
3bff2cde-748c-43dd-9aaa-3a627c07f958,76874,Marcelo Freixo,PSOL,PSOL,58419,COMO LÍDER,2019,contrário,favorável,0.4920938,0.28890425,0.2190019,0.20318955,0.4920938
8cceace9-d4d0-492c-9891-4e3ff0297f14,81297,Dra. Soraya Manato,PSL,PSL,58419,DISCUSSÃO,2019,favorável,neutro,0.35754657,0.20991264,0.4325408,0.14763393,0.4325408
14eb0297-0c63-47ce-a999-1aae68af0ad3,204382,Loester Trutis,PSL,PSL,58419,DISCUSSÃO,2019,favorável,neutro,0.34614903,0.17934209,0.47450894,0.16680694,0.47450894
6794d856-2863-4922-b79b-ee499454682b,152605,Glauber Braga,PSOL,PSOL,58419,DISCUSSÃO,2019,contrário,neutro,0.29951122,0.28991205,0.41057676,0.009599179,0.41057676
3fabc1a2-c0ae-4e67-96f2-cc93f19e8593,204388,Bibo Nunes,PSL,PSL,58419,DISCUSSÃO,2019,favorável,neutro,0.3200345,0.24125503,0.4387105,0.078779474,0.4387105
1cd49e66-d231-469d-b39e-9dafaf485c6f,160559,Alceu Moreira,MDB,MDB,58419,PELA ORDEM,2019,favorável,neutro,0.35754657,0.20991264,0.4325408,0.14763393,0.4325408
a7124211-51ae-473c-8478-f1f488453e84,204416,Sanderson,PSL,PSL,58419,DISCUSSÃO,2019,favorável,favorável,0.47511396,0.21723518,0.30765092,0.25787878,0.47511396
4fb0f4a7-1f8e-4404-9afd-6f3369c93938,160651,Rogério Peninha Mendonça,MDB,MDB,58419,DISCUSSÃO,2019,favorável,favorável,0.4064614,0.21059032,0.38294828,0.19587107,0.4064614
cf861202-0b2b-4ddd-9750-fba623b04010,204535,Sâmia Bomfim,PSOL,PSOL,58419,DISCUSSÃO,2019,contrário,neutro,0.28837937,0.31630364,0.395317,-0.02792427,0.395317
059f0e1f-ee68-4636-85e9-52b37011b44b,204572,Capitão Alberto Neto,REPUBLICAN,REPUBLICANOS,58419,PELA ORDEM,2019,favorável,neutro,0.31842703,0.18694586,0.49462718,0.13148117,0.49462718
2be21372-1298-415f-84aa-7d9cb78ee1c5,178987,Orlando Silva,PCDOB,PCdoB,58419,PELA ORDEM,2019,contrário,contrário,0.38444838,0.42167518,0.19387636,-0.037226796,0.42167518
2d66477d-387d-43ee-8952-e58b19b2ba3b,204370,Célio Moura,PT,PT,58419,PELA ORDEM,2019,contrário,favorável,0.35721985,0.34577116,0.297009,0.011448681,0.35721985
b0c2b8c0-b9dc-43ff-a722-555cdfa3a047,204394,Gervásio Maia,PSB,PSB,58419,DISCUSSÃO,2019,contrário,favorável,0.4308784,0.25296518,0.3161564,0.17791322,0.4308784
cbfa9322-3507-4b14-9c30-fffdc1b3cdd8,204460,Carlos Jordy,PSL,PSL,58419,DISCUSSÃO,2019,favorável,neutro,0.3766919,0.22115266,0.4021554,0.15553924,0.4021554
de3ff5a0-1f7b-42eb-b298-c75e5be5a6e6,204514,Coronel Tadeu,PSL,PSL,58419,DISCUSSÃO,2019,favorável,favorável,0.42561293,0.22051287,0.35387415,0.20510006,0.42561293
ebe55efe-2f2f-45a2-98f9-1790573e3ce6,204553,Pastor Sargento Isidório,AVANTE,AVANTE,58419,PELA ORDEM,2019,neutro,favorável,0.37234807,0.31806466,0.30958727,0.05428341,0.37234807
cdf6b6c0-d840-41f6-9c08-30c7ccf5b06a,204555,José Ricardo,PT,PT,58419,PELA ORDEM,2019,contrário,favorável,0.3436305,0.3326174,0.32375208,0.011013091,0.3436305
abb5fe0f-4175-4a44-8d3a-be01b3032c15,73701,Benedita da Silva,PT,PT,58491,PELA ORDEM,2019,contrário,favorável,0.35721985,0.34577116,0.297009,0.011448681,0.35721985
b12033cd-1a95-4bfa-8a6b-cc2ce90a1ce4,73801,Renildo Calheiros,PCDOB,PCdoB,58491,PELA ORDEM,2019,contrário,contrário,0.3747739,0.41106385,0.21416225,-0.03628996,0.41106385
67fe9580-3ca4-49da-b2dc-57bd056e2fe9,73943,Perpétua Almeida,PCDOB,PCdoB,58491,PELA ORDEM,2019,contrário,favorável,0.40199566,0.30304068,0.2949637,0.098954976,0.40199566
29ffb539-c79d-462c-b4a2-cc5acf07982c,74057,Alice Portugal,PCDOB,PCdoB,58491,ENCAMINHAMENTO DE VOTAÇÃO,2019,contrário,favorável,0.39537513,0.23212148,0.37250334,0.16325365,0.39537513
12e22852-442b-4b88-9781-0417cd87cd79,74060,Daniel Almeida,PCDOB,PCdoB,58491,PELA ORDEM,2019,contrário,favorável,0.35760707,0.30547276,0.3369201,0.052134305,0.35760707
3f6e424e-164a-40a1-a910-c52d2af4faa0,74398,Maria do Rosário,PT,PT,58491,PELA ORDEM,2019,contrário,contrário,0.31825766,0.44822127,0.2335211,-0.1299636,0.44822127
77535a6b-b317-4479-b367-870796890d38,74571,Nelson Pellegrino,PT,PT,58491,PELA ORDEM,2019,contrário,neutro,0.29951122,0.28991205,0.41057676,0.009599179,0.41057676
588c9679-0351-4982-813d-b965c4469591,90842,Santini,PTB,PTB,58491,PELA ORDEM,2019,favorável,favorável,0.4428427,0.33383286,0.22332443,0.10900983,0.4428427
b255a427-dea8-41bb-b271-70edb020c826,132504,Enio Verri,PT,PT,58491,ENCAMINHAMENTO DE VOTAÇÃO,2019,contrário,favorável,0.39537513,0.23212148,0.37250334,0.16325365,0.39537513
49069d09-a734-4093-bf40-e877a7578ad4,134812,Edmilson Rodrigues,PSOL,PSOL,58491,PELA ORDEM,2019,contrário,neutro,0.34614903,0.17934209,0.47450894,0.16680694,0.47450894
6ccdfd81-7de8-4700-88e3-678bcc102810,160758,Domingos Sávio,PSDB,PSDB,58491,PELA ORDEM,2019,favorável,favorável,0.4428427,0.33383286,0.22332446,0.10900983,0.4428427
ff24156b-f099-4725-bc0a-eabe8c9a4509,73486,Pompeo de Mattos,PDT,PDT,58491,PELA ORDEM,2019,favorável,neutro,0.35754657,0.20991264,0.4325408,0.14763393,0.4325408
ca85bc08-c21f-408c-ba7d-d87d48ae5f4d,177282,Subtenente Gonzaga,PDT,PDT,58491,PELA ORDEM,2019,neutro,favorável,0.50938606,0.2639163,0.22669765,0.24546975,0.50938606
9d903390-1ace-4ff3-9432-4d990c62890a,73531,Ivan Valente,PSOL,PSOL,58491,PELA ORDEM,2019,contrário,favorável,0.40199566,0.30304065,0.29496366,0.098955005,0.40199566
7d21ec6e-5d04-4602-982b-f60d5fd5685a,178832,Leandre,PV,PV,58491,PELA ORDEM,2019,contrário,contrário,0.34149763,0.3745655,0.28393686,-0.033067882,0.3745655
88f8da89-7b22-409d-80cb-d9227be20492,178835,Afonso Motta,PDT,PDT,58491,PELA ORDEM,2019,neutro,neutro,0.2682316,0.25963494,0.4721335,0.008596659,0.4721335
cdf270b3-8046-4ef4-a92c-a973d516685c,178857,Jorge Solla,PT,PT,58491,PELA ORDEM,2019,contrário,favorável,0.4300549,0.32419288,0.24575223,0.10586202,0.4300549
eff2ea71-aead-4061-97f3-6b7227b0fe42,178916,Daniel Coelho,CIDADANIA,CIDADANIA,58491,PELA ORDEM,2019,contrário,favorável,0.4617578,0.23923978,0.29900238,0.22251803,0.4617578
ddcd9c16-546e-48fb-9fe9-7811510d2f1a,178922,Tadeu Alencar,PSB,PSB,58491,PELA ORDEM,2019,contrário,favorável,0.4300549,0.3241929,0.24575226,0.10586199,0.4300549
e30e9305-5129-4833-ac85-dca6fe62b2a6,74848,Jandira Feghali,PCDOB,PCdoB,58491,PELA ORDEM,2019,contrário,favorável,0.46092308,0.30663463,0.23244232,0.15428844,0.46092308
53cc0000-25ae-4152-9039-af60710c3a83,76874,Marcelo Freixo,PSOL,PSOL,58491,PELA ORDEM,2019,contrário,contrário,0.26276875,0.4193476,0.3178836,-0.15657887,0.4193476
e40b144d-b42e-460c-b77c-7f23d7378ea6,179587,Vitor Hugo,PSL,PSL,58491,PELA ORDEM,2019,favorável,favorável,0.55671567,0.22463582,0.21864854,0.33207983,0.55671567
f90ead40-3abc-4a85-b3bc-9939a90d5865,156190,Marcel van Hattem,NOVO,NOVO,58491,COMO LÍDER,2019,favorável,favorável,0.5054373,0.12369882,0.37086385,0.38173848,0.5054373
b34ceb0f-9f71-4bbb-a7a5-980432ac5c9e,204352,Camilo Capiberibe,PSB,PSB,58491,PELA ORDEM,2019,contrário,favorável,0.42561293,0.22051287,0.35387415,0.20510006,0.42561293
23bdae08-b6ca-4f11-863c-ad7af397609e,204363,Osires Damaso,PSC,PSC,58491,PELA ORDEM,2019,favorável,favorável,0.39972112,0.34144717,0.25883174,0.05827394,0.39972112
90531c54-7483-42b1-bd30-a95c6b5d61f6,204364,Eli Borges,SOLIDARIED,SOLIDARIEDADE,58491,PELA ORDEM,2019,contrário,favorável,0.45641762,0.2086867,0.33489567,0.24773093,0.45641762
e174732d-2d63-49cf-9ea4-9762cd80680e,160545,Alexandre Leite,DEM,DEM,58491,COMO LÍDER,2019,favorável,neutro,0.36591703,0.24343073,0.3906522,0.12248629,0.3906522
900db065-0511-472b-8ebd-238846bf3ec2,204378,Coronel Chrisóstomo,PSL,PSL,58491,PELA ORDEM,2019,favorável,favorável,0.5256882,0.24035907,0.23395278,0.2853291,0.5256882
de5d62a1-6fac-485f-a7ba-05c12f789555,204381,Luis Miranda,DEM,DEM,58491,PELA ORDEM,2019,favorável,favorável,0.3835218,0.2551425,0.3613357,0.12837929,0.3835218
ecf70aae-f51f-4ef8-ac6e-7f423870459c,204382,Loester Trutis,PSL,PSL,58491,ENCAMINHAMENTO DE VOTAÇÃO,2019,favorável,favorável,0.42561293,0.22051287,0.35387415,0.20510006,0.42561293
3a2bb6cb-7492-461a-9ff6-10fb2561cd4d,160575,Erika Kokay,PT,PT,58491,PELA ORDEM,2019,contrário,favorável,0.4044901,0.39152652,0.20398335,0.012963593,0.4044901
f4730bdb-92d5-4a30-8ca7-2344cd8c6e94,204391,José Nelto,PODE,PODE,58491,DISCURSO ENCAMINHADO,2019,contrário,favorável,0.39972112,0.34144717,0.25883174,0.05827394,0.39972112
53404912-7b72-4ffb-9f0e-4f5b9bcc853e,204404,Lucas Redecker,PSDB,PSDB,58491,PELA ORDEM,2019,favorável,favorável,0.4440783,0.23007992,0.32584175,0.21399838,0.4440783
2c9105d1-0fb1-4e29-a34c-5fe8fcc1828f,204407,Fernanda Melchionna,PSOL,PSOL,58491,PELA ORDEM,2019,contrário,favorável,0.37234807,0.31806466,0.30958727,0.05428341,0.37234807
d8889b69-52ae-466c-ba3f-a08220bb74bf,204454,Daniel Silveira,PSL,PSL,58491,PELA ORDEM,2019,favorável,favorável,0.4005274,0.26645574,0.33301687,0.13407165,0.4005274
1d30af46-a0fe-4941-90c9-aebd81608d17,204460,Carlos Jordy,PSL,PSL,58491,PELA ORDEM,2019,favorável,neutro,0.38674182,0.20037349,0.41288468,0.18636833,0.41288468
ed431bd2-2467-46ad-963a-f82e5350b441,204461,Paulo Ganime,NOVO,NOVO,58491,PELA ORDEM,2019,neutro,favorável,0.4970524,0.3306701,0.17227751,0.16638231,0.4970524
bbfdbef6-ea0b-40a1-a287-7aa5290baf21,204468,Joenia Wapichana,REDE,REDE,58491,PELA ORDEM,2019,contrário,neutro,0.33742884,0.25436762,0.4082035,0.08306122,0.4082035
45cd0b93-6689-473c-b98f-d355a9423481,204472,José Medeiros,PODE,PODE,58491,PELA ORDEM,2019,favorável,favorável,0.44708604,0.29742938,0.25548455,0.14965665,0.44708604
31146328-91ed-41eb-afa6-e70d2d2e10c2,204487,Capitão Wagner,PROS,PROS,58491,PELA ORDEM,2019,favorável,favorável,0.494461,0.25618356,0.24935545,0.23827744,0.494461
7a9e2f23-e04b-42cf-80d7-48eda7e2b052,204490,Charlles Evangelista,PSL,PSL,58491,COMO LÍDER,2019,favorável,favorável,0.59877735,0.16605444,0.23516816,0.43272293,0.59877735
a05d40e9-a515-45fd-adc9-5cc5b19ce027,204508,Igor Timo,PODE,PODE,58491,PELA ORDEM,2019,favorável,favorável,0.5233263,0.2711388,0.20553495,0.2521875,0.5233263
47176302-a137-4db4-b82d-0145477c203d,204512,Delegado Marcelo Freitas,PSL,PSL,58491,PELA ORDEM,2019,favorável,favorável,0.43087846,0.25296518,0.3161564,0.17791328,0.43087846
830405bb-3450-4af3-85f5-21a1e0319641,204514,Coronel Tadeu,PSL,PSL,58491,ENCAMINHAMENTO DE VOTAÇÃO,2019,favorável,favorável,0.3868043,0.2915888,0.32160687,0.0952155,0.3868043
5bdc5cbc-770a-4356-b4fe-b7caee921db2,204520,Junio Amaral,PSL,PSL,58491,PELA ORDEM,2019,favorável,neutro,0.3024274,0.33171198,0.36586058,-0.029284567,0.36586058
b11f3e68-1590-4ce5-9dde-b4385389877f,204553,Pastor Sargento Isidório,AVANTE,AVANTE,58491,PELA ORDEM,2019,contrário,favorável,0.41225934,0.35215747,0.23558313,0.060101867,0.41225934
6fd36b51-0cbe-47c6-8814-af5bda217624,204558,Marcelo Nilo,PSB,PSB,58491,PELA ORDEM,2019,contrário,neutro,0.35442913,0.26718315,0.37838775,0.08724597,0.37838775
99119a5c-63fe-4ff4-ba57-fd8173412a75,204559,Zé Neto,PT,PT,58491,PELA ORDEM,2019,contrário,favorável,0.4239964,0.36218336,0.21382028,0.061813027,0.4239964
2d7f7f99-2bcc-45b3-9180-c210bd028de3,204572,Capitão Alberto Neto,REPUBLICAN,REPUBLICANOS,58491,COMO LÍDER,2019,favorável,favorável,0.37234804,0.31806466,0.30958727,0.05428338,0.37234804
05b4132a-ebdd-4341-995a-9ccedc2ee03e,205865,Reinhold Stephanes Junior,PSD,PSD,58491,PELA ORDEM,2019,favorável,favorável,0.44708604,0.29742938,0.25548455,0.14965665,0.44708604
fd260204-4ffa-45cc-972d-2ce31d1e3ac4,204363,Osires Damaso,PSC,PSC,58528,PELA ORDEM,2019,favorável,favorável,0.39972112,0.34144717,0.25883174,0.05827394,0.39972112
b35da649-7cec-456e-82e0-56a13e0c47e6,73486,Pompeo de Mattos,PDT,PDT,58528,PELA ORDEM,2019,favorável,neutro,0.3766919,0.22115266,0.4021554,0.15553924,0.4021554
6afb1176-f8f5-4142-af92-3c2c9cbb6f01,73531,Ivan Valente,PSOL,PSOL,58528,PELA ORDEM,2019,contrário,favorável,0.40199566,0.30304065,0.29496366,0.098955005,0.40199566
9511cda2-d785-40a8-b0ff-6f86cf086db4,204364,Eli Borges,SOLIDARIED,SOLIDARIEDADE,58528,PELA ORDEM,2019,contrário,favorável,0.45641762,0.2086867,0.33489567,0.24773093,0.45641762
6b004605-44b4-40ec-aa56-b5186d70d177,73701,Benedita da Silva,PT,PT,58528,PELA ORDEM,2019,contrário,favorável,0.35721985,0.34577116,0.297009,0.011448681,0.35721985
e159e675-3f7b-4c8e-a7ce-688e25850849,73801,Renildo Calheiros,PCDOB,PCdoB,58528,PELA ORDEM,2019,contrário,favorável,0.37013742,0.3582748,0.27158776,0.011862636,0.37013742
e7dc0bca-4bfa-489e-867b-3a97945e8e4e,204378,Coronel Chrisóstomo,PSL,PSL,58528,PELA ORDEM,2019,favorável,favorável,0.5498901,0.17280164,0.27730823,0.37708846,0.5498901
e449446b-4fcf-455c-be3a-bf6ba057b795,73943,Perpétua Almeida,PCDOB,PCdoB,58528,PELA ORDEM,2019,contrário,favorável,0.40199566,0.30304068,0.2949637,0.098954976,0.40199566
b62d2d1c-dff3-4092-b2cf-260401724530,204381,Luis Miranda,DEM,DEM,58528,PELA ORDEM,2019,favorável,favorável,0.3835218,0.2551425,0.3613357,0.12837929,0.3835218
97d2eb8c-69dd-4d60-8a8c-3a43bc717aa9,74057,Alice Portugal,PCDOB,PCdoB,58528,ENCAMINHAMENTO DE VOTAÇÃO,2019,contrário,favorável,0.39537513,0.23212148,0.37250334,0.16325365,0.39537513
d96422c7-a1ca-456a-8a86-49b20776b0c7,204382,Loester Trutis,PSL,PSL,58528,ENCAMINHAMENTO DE VOTAÇÃO,2019,favorável,favorável,0.42561293,0.22051287,0.35387415,0.20510006,0.42561293
d64001f6-b363-4e2b-b586-475579de001f,204391,José Nelto,PODE,PODE,58528,DISCURSO ENCAMINHADO,2019,contrário,favorável,0.39972112,0.34144717,0.25883174,0.05827394,0.39972112
a822ba61-14e0-4d71-8e25-b0f3980bfbaf,74398,Maria do Rosário,PT,PT,58528,PELA ORDEM,2019,contrário,contrário,0.31825766,0.44822127,0.2335211,-0.1299636,0.44822127
7e620665-fffd-44a2-964a-e60314e0a2b3,204404,Lucas Redecker,PSDB,PSDB,58528,PELA ORDEM,2019,favorável,favorável,0.4440783,0.23007992,0.32584175,0.21399838,0.4440783
28051b9d-fcb0-45ef-9420-ab6162f3739e,204407,Fernanda Melchionna,PSOL,PSOL,58528,PELA ORDEM,2019,contrário,favorável,0.3868043,0.2915888,0.32160687,0.0952155,0.3868043
f4b8a774-93c2-4a6e-a9fc-c14b2b8bf831,74571,Nelson Pellegrino,PT,PT,58528,PELA ORDEM,2019,contrário,neutro,0.29951122,0.28991205,0.41057676,0.009599179,0.41057676
b6dcb15c-5a9f-47ff-87f1-e1f89a8ec388,204454,Daniel Silveira,PSL,PSL,58528,PELA ORDEM,2019,favorável,favorável,0.4005274,0.26645574,0.33301687,0.13407165,0.4005274
a8700000-5a69-4994-bd18-b823bc754f04,204460,Carlos Jordy,PSL,PSL,58528,PELA ORDEM,2019,favorável,neutro,0.38674182,0.20037349,0.41288468,0.18636833,0.41288468
9a2cdfcf-1242-4ecc-86ae-d2d0a3166f5b,74848,Jandira Feghali,PCDOB,PCdoB,58528,PELA ORDEM,2019,contrário,favorável,0.46092308,0.30663463,0.23244232,0.15428844,0.46092308
ae1e97d6-0b8c-4f13-a691-76d2ca09335d,204461,Paulo Ganime,NOVO,NOVO,58528,PELA ORDEM,2019,neutro,favorável,0.4970524,0.3306701,0.17227751,0.16638231,0.4970524
de6cf64d-f2a5-46f8-8331-fb966f2b0408,76874,Marcelo Freixo,PSOL,PSOL,58528,PELA ORDEM,2019,contrário,contrário,0.26276875,0.4193476,0.3178836,-0.15657887,0.4193476
2fb20229-9ef2-4402-940f-502f6d311e45,204468,Joenia Wapichana,REDE,REDE,58528,PELA ORDEM,2019,contrário,neutro,0.33742884,0.25436762,0.4082035,0.08306122,0.4082035
6ba3e1b4-aab6-4f6e-918a-a8572f7edb3c,90842,Santini,PTB,PTB,58528,PELA ORDEM,2019,favorável,favorável,0.4428427,0.33383286,0.22332443,0.10900983,0.4428427
a93c0636-5038-40fe-bb62-caa5b1adee65,204472,José Medeiros,PODE,PODE,58528,PELA ORDEM,2019,favorável,favorável,0.44708604,0.29742938,0.25548455,0.14965665,0.44708604
53d5a78d-87ea-4d73-b4dc-8aa3dbb3ecb7,204487,Capitão Wagner,PROS,PROS,58528,PELA ORDEM,2019,favorável,favorável,0.494461,0.25618356,0.24935545,0.23827744,0.494461
ca65adff-c750-44a5-b45d-0ac47aad8a81,132504,Enio Verri,PT,PT,58528,ENCAMINHAMENTO DE VOTAÇÃO,2019,contrário,favorável,0.39537513,0.23212148,0.37250334,0.16325365,0.39537513
26732015-bf3c-4d60-a563-6b446a098247,204490,Charlles Evangelista,PSL,PSL,58528,COMO LÍDER,2019,favorável,favorável,0.59877735,0.16605444,0.23516816,0.43272293,0.59877735
432c99f7-b7e8-45f9-a9a3-1125f07d8a05,134812,Edmilson Rodrigues,PSOL,PSOL,58528,PELA ORDEM,2019,contrário,neutro,0.34614903,0.17934209,0.47450894,0.16680694,0.47450894
a7bf10dc-d53a-4b2e-a00b-7cc8720d54a8,156190,Marcel van Hattem,NOVO,NOVO,58528,COMO LÍDER,2019,favorável,favorável,0.5054373,0.12369882,0.37086385,0.38173848,0.5054373
0d39c37b-3ccd-4ddb-bd09-f4c2131f7914,204508,Igor Timo,PODE,PODE,58528,PELA ORDEM,2019,favorável,favorável,0.5233263,0.2711388,0.20553495,0.2521875,0.5233263
aac4c181-6a29-4610-ab63-dec8d168ba2f,204512,Delegado Marcelo Freitas,PSL,PSL,58528,PELA ORDEM,2019,favorável,favorável,0.43087846,0.25296518,0.3161564,0.17791328,0.43087846
564b0c6d-664c-49df-81dd-7c14e79fb651,204514,Coronel Tadeu,PSL,PSL,58528,ENCAMINHAMENTO DE VOTAÇÃO,2019,favorável,favorável,0.3868043,0.2915888,0.32160687,0.0952155,0.3868043
4f2c5587-8ca3-4463-9652-943735bead3a,160545,Alexandre Leite,DEM,DEM,58528,COMO LÍDER,2019,favorável,neutro,0.36591703,0.24343073,0.3906522,0.12248629,0.3906522
9317fc33-bcfd-42de-8da8-01a1bc22dd05,204520,Junio Amaral,PSL,PSL,58528,PELA ORDEM,2019,favorável,neutro,0.3024274,0.33171198,0.36586058,-0.029284567,0.36586058
1916b66e-6679-4600-b177-5cd989ef078f,160575,Erika Kokay,PT,PT,58528,PELA ORDEM,2019,contrário,favorável,0.4428427,0.33383286,0.22332446,0.10900983,0.4428427
dc36d6b3-fda7-464a-9e56-895828500051,204553,Pastor Sargento Isidório,AVANTE,AVANTE,58528,PELA ORDEM,2019,contrário,favorável,0.41225934,0.35215747,0.23558313,0.060101867,0.41225934
9ab539bd-085c-42f5-9cb7-c2e77621d9f9,204558,Marcelo Nilo,PSB,PSB,58528,PELA ORDEM,2019,contrário,neutro,0.3024274,0.33171198,0.36586058,-0.029284567,0.36586058
cb101eda-a00a-4666-99f1-366656175e98,204559,Zé Neto,PT,PT,58528,PELA ORDEM,2019,contrário,favorável,0.4239964,0.36218336,0.21382028,0.061813027,0.4239964
4cc5da49-b26a-4fa5-8f6f-4a09567b5b11,204572,Capitão Alberto Neto,REPUBLICAN,REPUBLICANOS,58528,COMO LÍDER,2019,favorável,favorável,0.3576071,0.30547276,0.3369201,0.052134335,0.3576071
47b185c3-eca4-4528-b5d8-6cf9bed1da13,160758,Domingos Sávio,PSDB,PSDB,58528,PELA ORDEM,2019,favorável,favorável,0.4428427,0.33383286,0.22332446,0.10900983,0.4428427
646f2da2-fd42-431c-97ae-5657be9b277d,205865,Reinhold Stephanes Junior,PSD,PSD,58528,PELA ORDEM,2019,favorável,favorável,0.44708604,0.29742938,0.25548455,0.14965665,0.44708604
2e062bc6-16c1-43c2-b653-447b74ba709d,177282,Subtenente Gonzaga,PDT,PDT,58528,PELA ORDEM,2019,neutro,favorável,0.50938606,0.2639163,0.22669765,0.24546975,0.50938606
d7695935-d4c9-49bb-86dd-92d9bd9de4be,178832,Leandre,PV,PV,58528,PELA ORDEM,2019,contrário,contrário,0.34149763,0.3745655,0.28393686,-0.033067882,0.3745655
3f4dd055-cbd4-4b6e-95a4-e88565ffee28,178835,Afonso Motta,PDT,PDT,58528,PELA ORDEM,2019,neutro,neutro,0.2682316,0.25963494,0.4721335,0.008596659,0.4721335
96c98778-d70a-465b-96aa-ea9d7b4ed8f8,178857,Jorge Solla,PT,PT,58528,PELA ORDEM,2019,contrário,favorável,0.4428427,0.33383286,0.22332446,0.10900983,0.4428427
e74ce0a2-6089-4504-a2cf-e7b8f697deb8,178916,Daniel Coelho,CIDADANIA,CIDADANIA,58528,PELA ORDEM,2019,contrário,favorável,0.4300549,0.32419288,0.24575223,0.10586202,0.4300549
d9a70253-bd1a-452d-9fdf-6b0961bd2bca,178922,Tadeu Alencar,PSB,PSB,58528,PELA ORDEM,2019,contrário,favorável,0.4300549,0.3241929,0.24575226,0.10586199,0.4300549
cba949c9-76e9-4a67-a710-438b7a2096f5,179587,Vitor Hugo,PSL,PSL,58528,PELA ORDEM,2019,favorável,favorável,0.55671567,0.22463582,0.21864854,0.33207983,0.55671567
7f1cff55-6ef9-45bb-815a-829832a751f4,204352,Camilo Capiberibe,PSB,PSB,58528,PELA ORDEM,2019,contrário,favorável,0.42561293,0.22051287,0.35387415,0.20510006,0.42561293
879559fe-9733-48e6-9a85-5f2b69e1da12,204555,José Ricardo,PT,PT,59026,PELA ORDEM,2019,contrário,favorável,0.5233263,0.2711388,0.20553495,0.2521875,0.5233263
80d92a9c-1417-446b-9759-6bf0e7d7ad6c,204548,Heitor Freire,PSL,PSL,64458,BREVES COMUNICAÇÕES,2021,favorável,favorável,0.61069316,0.14945877,0.23984808,0.4612344,0.61069316
ae9adee7-6d2a-4f77-ba6a-bbec55ef35c4,204374,Bia Kicis,PL,PL,66282,COMO LÍDER,2022,favorável,neutro,0.3788923,0.1627439,0.45836377,0.2161484,0.45836377
c63ca941-cf0e-47b3-aa53-3b737c70b7cc,73579,Alberto Fraga,PL,PL,69023,BREVES COMUNICAÇÕES,2023,favorável,favorável,0.44708604,0.29742938,0.25548455,0.14965665,0.44708604
ce0493b7-5760-40d7-8640-becb6dc75532,220547,Marcos Pollon,PL,PL,69023,BREVES COMUNICAÇÕES,2023,favorável,favorável,0.35760707,0.30547276,0.3369201,0.052134305,0.35760707
a2328a2f-5d05-4fb1-b4bf-06f2bd122051,220594,Coronel Assis,PL,PL,69809,BREVES COMUNICAÇÕES,2023,favorável,favorável,0.52416414,0.2115012,0.26433465,0.31266296,0.52416414
fa683bd1-d664-45ca-9ff6-7ae0785a1816,73579,Alberto Fraga,PL,PL,71167,PELA ORDEM,2023,favorável,favorável,0.4064614,0.21059032,0.38294828,0.19587107,0.4064614
5e546640-6035-45db-afec-99cc9160e812,73579,Alberto Fraga,PL,PL,71506,BREVES COMUNICAÇÕES,2023,favorável,favorável,0.42561293,0.22051287,0.35387415,0.20510006,0.42561293
98b5ee99-9d2f-44fb-9ee3-d24f770b6ff3,220527,Jack Rocha,PT,PT,71506,PELA ORDEM,2023,contrário,favorável,0.38640445,0.33007187,0.28352365,0.05633259,0.38640445
c3bdb443-c92e-4b3a-9109-ab3422c84851,204407,Fernanda Melchionna,PSOL,PSOL,71506,PELA ORDEM,2023,contrário,favorável,0.42561293,0.22051287,0.35387415,0.20510006,0.42561293
b5c38df1-5283-4bba-9ef8-813708cfffab,74171,Chico Alencar,PSOL,PSOL,71506,PELA ORDEM,2023,contrário,favorável,0.3868043,0.2915888,0.32160687,0.0952155,0.3868043
2ae37621-496d-49ee-8f32-5fff0a9c8c24,220547,Marcos Pollon,PL,PL,71506,PELA ORDEM,2023,favorável,favorável,0.55927235,0.2897627,0.15096493,0.26950964,0.55927235
8b3a947b-693f-42c9-82b7-8ee1bca2a801,156190,Marcel van Hattem,NOVO,NOVO,71506,COMO LÍDER,2023,favorável,favorável,0.6463065,0.17923534,0.17445816,0.46707118,0.6463065
966594f5-255b-4e19-935a-029b3111d4c9,204416,Sanderson,PL,PL,71506,PELA ORDEM,2023,favorável,favorável,0.45641762,0.2086867,0.33489567,0.24773093,0.45641762
d4e5b15b-49b3-4c1d-a29d-7c9d816397e0,220552,Zucco,REPUBLICAN,REPUBLICANOS,71506,COMO LÍDER,2023,favorável,favorável,0.49293348,0.22538276,0.2816838,0.2675507,0.49293348
cb5081ac-d8f2-4f5c-8b59-05246fa23271,220559,Julia Zanatta,PL,PL,71506,COMO LÍDER,2023,favorável,neutro,0.28457505,0.21452425,0.50090075,0.07005079,0.50090075
89a3521c-740d-4281-8c2c-fb6a9138fda4,220574,Cabo Gilberto Silva,PL,PL,71506,PELA ORDEM,2023,favorável,favorável,0.49293348,0.22538276,0.2816838,0.2675507,0.49293348
2d790ef6-3dfa-4551-9ec9-4c98e01b0e28,204501,Alencar Santana,PT,PT,71506,PELA ORDEM,2023,contrário,favorável,0.44750288,0.26272523,0.28977188,0.18477765,0.44750288
5ef56467-466e-4dc7-8bdb-6ffa803a2241,204528,Adriana Ventura,NOVO,NOVO,71506,PELA ORDEM,2023,favorável,favorável,0.5233262,0.27113885,0.20553493,0.25218737,0.5233262
c5696077-c3e2-4b14-b7c4-58bbdb9a7088,220595,Coronel Fernanda,PL,PL,71506,COMO LÍDER,2023,favorável,favorável,0.45641762,0.2086867,0.33489567,0.24773093,0.45641762
a224fa52-b7f0-44f8-8fe2-54a4691b2f5a,204535,Sâmia Bomfim,PSOL,PSOL,71506,PELA ORDEM,2023,contrário,neutro,0.347825,0.2313948,0.42078018,0.11643019,0.42078018
0630fb06-192c-48aa-ab9b-b0e557517325,204572,Capitão Alberto Neto,PL,PL,71506,PELA ORDEM,2023,favorável,neutro,0.36591703,0.24343073,0.3906522,0.12248629,0.3906522
3cc1dd58-c232-4589-b31b-0f8e3461242e,227275,Mariana Carvalho,REPUBLICAN,REPUBLICANOS,71506,PELA ORDEM,2023,favorável,favorável,0.5256882,0.24035907,0.23395278,0.2853291,0.5256882
e0dd83cc-2c78-4e51-ae46-a3d02abfa21f,220652,Delegado Palumbo,PODE,PODE,70724,BREVES COMUNICAÇÕES,2023,favorável,favorável,0.49293348,0.22538276,0.2816838,0.2675507,0.49293348
f079d320-2677-416f-b20e-065e2f9c27c6,178873,Helder Salomão,PT,PT,72149,PELA ORDEM,2024,contrário,favorável,0.5362779,0.27784917,0.185873,0.25842872,0.5362779
9eeec9c2-6d4e-4140-b21b-cd07756c6e99,220547,Marcos Pollon,PL,PL,72149,PELA ORDEM,2024,favorável,favorável,0.4428427,0.3338329,0.22332446,0.1090098,0.4428427
2f8cbaf1-0635-478d-b298-2ca06999e23c,139285,Lídice da Mata,PSB,PSB,72149,PELA ORDEM,2024,contrário,favorável,0.6196845,0.25004387,0.13027158,0.36964065,0.6196845
a38bb708-c2f3-4358-b402-3d328bdc27ec,204407,Fernanda Melchionna,PSOL,PSOL,72149,PELA ORDEM,2024,contrário,favorável,0.3868043,0.2915888,0.32160687,0.0952155,0.3868043
d6a543a3-f4f4-449c-a642-507d6839b1b7,220607,Max Lemos,PDT,PDT,72149,ENCAMINHAMENTO DE VOTAÇÃO,2024,contrário,favorável,0.4168385,0.2773069,0.3058546,0.13953158,0.4168385
913e09d7-f4ac-4ea0-a34f-f6e90fc43cb5,178873,Helder Salomão,PT,PT,72567,BREVES COMUNICAÇÕES,2024,contrário,favorável,0.494461,0.25618353,0.24935542,0.23827747,0.494461
e28fee57-1ff0-4b89-b2c0-f2ffeb8ebb6d,178947,Sóstenes Cavalcante,PL,PL,73144,FALA DO PRESIDENTE OU NO EXERCÍCIO DA PRESIDÊNCIA,2024,favorável,favorável,0.55060613,0.13475333,0.31464055,0.4158528,0.55060613
48dd63b0-b106-4091-bb1c-3040a67fb10f,74171,Chico Alencar,PSOL,PSOL,73144,PELA ORDEM,2024,contrário,favorável,0.47815108,0.2807186,0.2411304,0.19743249,0.47815108
0e86c5d0-8fbb-4079-8356-07108a14ccce,74856,Laura Carneiro,PSD,PSD,73144,PELA ORDEM,2024,favorável,neutro,0.3200345,0.24125503,0.4387105,0.078779474,0.4387105
91c7b2b2-72b0-4159-ae02-6f829246428c,204411,Filipe Barros,PL,PL,73144,PELA ORDEM,2024,favorável,neutro,0.41984257,0.13193451,0.448223,0.28790808,0.448223
55228680-1337-433e-86c4-72795e5fd32a,156190,Marcel van Hattem,NOVO,NOVO,73144,COMO LÍDER,2024,favorável,favorável,0.4972475,0.13789792,0.36485457,0.35934955,0.4972475
e9f71336-077e-4554-8dc4-3916ca85dc2f,220570,Ismael Alexandrino,PSD,PSD,75304,PARECER,2024,neutro,favorável,0.44743776,0.18054196,0.3720203,0.2668958,0.44743776
abf4b226-b338-41fe-8ddb-196f7d0e9313,98615,Ismael,PSD,PSD,75304,PARECER,2024,neutro,favorável,0.47511396,0.21723518,0.30765092,0.25787878,0.47511396
3c1c927e-2eb5-4d15-b11b-023b18ef0fd9,204460,Carlos Jordy,PL,PL,75334,PELA ORDEM,2024,neutro,favorável,0.4617578,0.23923978,0.29900238,0.22251803,0.4617578
4de2a5bf-2bef-4645-b24c-374ce1023ed3,204464,Talíria Petrone,PSOL,PSOL,75334,PELA ORDEM,2024,contrário,favorável,0.35760707,0.30547276,0.3369201,0.052134305,0.35760707
8a55d8b3-6252-4783-a276-66bc74e7389c,204472,José Medeiros,PL,PL,75334,PELA ORDEM,2024,favorável,neutro,0.38674182,0.20037349,0.41288468,0.18636833,0.41288468
589b9e5d-921c-4ec8-bcf1-193cc905f6da,204528,Adriana Ventura,NOVO,NOVO,75334,PELA ORDEM,2024,neutro,favorável,0.4617578,0.23923978,0.29900238,0.22251803,0.4617578
0ded4347-4feb-4d18-a2fa-2f078c511e20,220565,Delegada Adriana Accorsi,PT,PT,75334,PELA ORDEM,2024,contrário,favorável,0.39537513,0.23212148,0.37250334,0.16325365,0.39537513
d19c3fce-7ecb-4aef-bee3-02d386649425,220547,Marcos Pollon,PL,PL,75884,PELA ORDEM,2025,favorável,favorável,0.5098074,0.23309799,0.25709462,0.27670944,0.5098074
a6c8e679-b903-4815-a2b9-d48f986b0660,220547,Marcos Pollon,PL,PL,76463,COMO LÍDER,2025,favorável,neutro,0.29951122,0.28991205,0.41057676,0.009599179,0.41057676
3f3471f1-67f5-4108-9517-926a2dbc6d40,204365,Gilson Marques,NOVO,NOVO,76809,PELA ORDEM,2025,favorável,favorável,0.63124204,0.19836624,0.17039178,0.4328758,0.63124204
0e100a3d-de46-4702-b15c-7c84a4626b59,204374,Bia Kicis,PL,PL,76809,DISCUSSÃO,2025,favorável,neutro,0.2934652,0.25068188,0.45585287,0.04278332,0.45585287
9640696f-9d1b-43c9-99ff-a127c76d10f5,141470,José Guimarães,PT,PT,76809,PELA ORDEM,2025,contrário,favorável,0.58582485,0.18409404,0.2300811,0.4017308,0.58582485
2bb7c1c6-40dc-49a1-a460-4f1402116cec,220690,Capitão Alden,PL,PL,76809,PELA ORDEM,2025,favorável,favorável,0.46585563,0.35118094,0.1829635,0.11467469,0.46585563
ddb9259e-119b-4cf2-8599-bfc300bfa964,73486,Pompeo de Mattos,PDT,PDT,76809,PELA ORDEM,2025,favorável,favorável,0.40199566,0.30304065,0.29496366,0.098955005,0.40199566
f857d90e-b788-411f-a669-ad7310dcf405,220546,Rodolfo Nogueira,PL,PL,76809,PELA ORDEM,2025,favorável,favorável,0.42561293,0.22051287,0.35387415,0.20510006,0.42561293
1e1b083c-507a-4e3b-ab82-5d264a55ba86,204378,Coronel Chrisóstomo,PL,PL,76809,BREVES COMUNICAÇÕES,2025,favorável,favorável,0.49909666,0.17772292,0.32318047,0.32137376,0.49909666
488547b4-a23b-49e2-8d0c-7738bdb30200,74398,Maria do Rosário,PT,PT,76809,PELA ORDEM,2025,contrário,favorável,0.5641391,0.3312014,0.104659475,0.23293772,0.5641391
b4eb035b-18a9-4938-807c-33851b66f8ea,160538,Bohn Gass,PT,PT,76809,PELA ORDEM,2025,contrário,favorável,0.54096663,0.21828103,0.24075232,0.3226856,0.54096663
a618b969-add0-4b22-a81d-c5c441808f1a,204388,Bibo Nunes,PL,PL,76809,DISCUSSÃO,2025,favorável,favorável,0.40052742,0.2664557,0.33301687,0.13407171,0.40052742
253fcce5-6e94-4d0e-9e60-0f323a906556,220556,Ana Paula Lima,PT,PT,76809,PELA ORDEM,2025,neutro,favorável,0.44750288,0.26272526,0.28977188,0.18477762,0.44750288
2ae06939-2c59-4340-b91b-70530e8b8a3f,98615,Ismael,PSD,PSD,76809,PELA ORDEM,2025,favorável,favorável,0.47857183,0.24795124,0.27347696,0.2306206,0.47857183
0140824f-ea55-46af-be98-47b85a261b48,204407,Fernanda Melchionna,PSOL,PSOL,76809,DISCUSSÃO,2025,contrário,favorável,0.4920938,0.28890425,0.2190019,0.20318955,0.4920938
2142211b-c5ae-4346-b58c-dfea36a9d463,220570,Dr. Ismael Alexandrino,PSD,PSD,76809,PELA ORDEM,2025,favorável,favorável,0.49293348,0.22538276,0.2816838,0.2675507,0.49293348
956bec03-1800-450a-a280-fa4181cdcb30,220574,Cabo Gilberto Silva,PL,PL,76809,PELA ORDEM,2025,favorável,favorável,0.43087846,0.25296518,0.3161564,0.17791328,0.43087846
b82b4d66-af39-467b-b57f-c6b0fe0ada94,204455,Luiz Lima,NOVO,NOVO,76809,PELA ORDEM,2025,favorável,favorável,0.4122594,0.35215756,0.2355831,0.060101837,0.4122594
1c6c7f8c-cbd5-4277-b5bb-eb4215b35e82,220594,Coronel Assis,UNIÃO,UNIÃO,76809,DISCUSSÃO,2025,favorável,neutro,0.38674182,0.20037349,0.41288468,0.18636833,0.41288468
ac2787c2-b110-49dd-9bce-06aeae5ed87a,204460,Carlos Jordy,PL,PL,76809,PELA ORDEM,2025,favorável,favorável,0.5098074,0.23309799,0.25709462,0.27670944,0.5098074
15c7e8bf-0ecb-4c33-8f54-85b9c4924af9,220595,Coronel Fernanda,PL,PL,76809,DISCUSSÃO,2025,favorável,neutro,0.32637498,0.2787939,0.3948311,0.047581077,0.3948311
cc55ac54-dd4a-4a7c-a27a-d0d7bae4ba05,220606,Reimont,PT,PT,76809,PELA ORDEM,2025,contrário,favorável,0.63124204,0.19836624,0.17039178,0.4328758,0.63124204
cac98ceb-b3ed-4c31-b0c3-59979aefefd0,220615,Pastor Henrique Vieira,PSOL,PSOL,76809,PELA ORDEM,2025,contrário,favorável,0.47857183,0.24795121,0.27347693,0.23062062,0.47857183
25cb0ea8-2a58-4e90-acc9-4d76b33aa086,220621,Sargento Gonçalves,PL,PL,76809,PELA ORDEM,2025,favorável,favorável,0.6016988,0.21425842,0.18404277,0.38744038,0.6016988
60abfa9d-c530-43fa-b915-f0c69209c23e,220654,Delegado Paulo Bilynskyj,PL,PL,76809,ENCAMINHAMENTO DE VOTAÇÃO,2025,favorável,favorável,0.49293348,0.22538276,0.2816838,0.2675507,0.49293348
8f05e86f-d530-4f5b-abad-c7fb16f1e0e3,220621,Sargento Gonçalves,PL,PL,77028,PELA ORDEM,2025,favorável,favorável,0.42561293,0.22051287,0.35387415,0.20510006,0.42561293
72842bfd-4cd3-4403-930d-a863a563b04c,73579,Alberto Fraga,PL,PL,76961,PELA ORDEM,2025,favorável,favorável,0.45641762,0.2086867,0.33489567,0.24773093,0.45641762
f39ef6e8-e0f5-4df0-ac2b-2deb7d4ba6f6,220621,Sargento Gonçalves,PL,PL,79217,PELA ORDEM,2025,favorável,neutro,0.41259453,0.14692043,0.440485,0.2656741,0.440485
5e4c6a33-0634-4cba-ae8c-77070c608409,204536,Kim Kataguiri,MISSÃO,MISSÃO,81277,PELA ORDEM,2026,favorável,favorável,0.4440783,0.23007992,0.32584175,0.21399838,0.4440783
636c9d42-2813-4cf2-8c91-36edd544d397,235088,Ribeiro Neto,PRD,PRD,81277,PELA ORDEM,2026,favorável,neutro,0.28457505,0.21452425,0.50090075,0.07005079,0.50090075
c6e0bae6-4595-4ea9-a243-96323bb60085,204387,Sargento Fahur,PL,PL,81277,PELA ORDEM,2026,favorável,favorável,0.4440783,0.23007992,0.32584175,0.21399838,0.4440783
9767e2ad-6ffd-4a3b-989f-559b7d762aaf,204453,Natália Bonavides,PT,PT,81277,PELA ORDEM,2026,contrário,neutro,0.36591703,0.24343073,0.3906522,0.12248629,0.3906522
c95ea16c-900b-4ebf-b9c2-53ce0547a321,220707,Amanda Gentil,PP,PP,81321,ENCAMINHAMENTO DE VOTAÇÃO,2026,contrário,favorável,0.44743776,0.18054196,0.3720203,0.2668958,0.44743776
9aa991fb-85ac-4983-ab24-968698181844,222565,Soldado Noelio,UNIÃO,UNIÃO,81227,BREVES COMUNICAÇÕES,2026,favorável,favorável,0.555207,0.19770318,0.24708986,0.35750383,0.555207
83d20fc1-c9d0-4559-b2fb-223f8e9788a3,222565,Soldado Noelio,UNIÃO,UNIÃO,81282,BREVES COMUNICAÇÕES,2026,favorável,favorável,0.49293348,0.22538276,0.2816838,0.2675507,0.49293348
1bf2fbee-9064-4a16-b0c2-1a0507143e59,230767,Rodrigo da Zaeli,PL,PL,81836,BREVES COMUNICAÇÕES,2026,favorável,favorável,0.4617578,0.23923978,0.29900238,0.22251803,0.4617578
1dd4f9cd-5ad1-4103-aa33-439d61fb7e8a,220621,Sargento Gonçalves,PL,PL,81962,PELA ORDEM,2026,favorável,favorável,0.5256882,0.24035907,0.23395278,0.2853291,0.5256882
631a0ba2-f741-491b-b7ea-0cdaddf9ef28,220666,Coronel Meira,PL,PL,81962,PELA ORDEM,2026,favorável,favorável,0.44743776,0.18054196,0.3720203,0.2668958,0.44743776
bb0b2f02-94f5-404d-8581-c5df05c1b237,220526,Gilvan da Federal,PL,PL,82788,PELA ORDEM,2026,favorável,favorável,0.5098074,0.23309799,0.25709462,0.27670944,0.5098074
575fc63c-745a-482e-8363-7a490b2f4718,220666,Coronel Meira,PL,PL,82895,PELA ORDEM,2026,favorável,favorável,0.5612869,0.15565749,0.28305557,0.40562946,0.5612869
